date,entry,exit,total,entry_avg,exit_avg,total_avg
2020-01-01,74280,81440,155720,10611.4286,11634.2857,22245.7143
2020-01-02,70216,77575,147791,20642.2857,22716.4286,43358.7143
2020-01-03,67140,76508,143648,30233.7143,33646.1429,63879.8571
2020-01-04,67426,73056,140482,39866.0,44082.7143,83948.7143
2020-01-05,73388,82128,155516,50350.0,55815.2857,106165.2857
2020-01-06,64143,70905,135048,59513.2857,65944.5714,125457.8571
2020-01-07,62543,60599,123142,68448.0,74601.5714,143049.5714
2020-01-08,66095,53168,119263,67278.7143,70562.7143,137841.4286
2020-01-09,78991,51556,130547,68532.2857,66845.7143,135378.0
2020-01-10,91679,61510,153189,72037.8571,64703.1429,136741.0
2020-01-11,68865,79201,148066,72243.4286,65581.0,137824.4286
2020-01-12,58395,95803,154198,70101.5714,67534.5714,137636.1429
2020-01-13,52437,87293,139730,68429.2857,69875.7143,138305.0
2020-01-14,55641,83565,139206,67443.2857,73156.5714,140599.8571
2020-01-15,64887,82792,147679,67270.7143,77388.5714,144659.2857
2020-01-16,69449,79551,149000,65907.5714,81387.8571,147295.4286
2020-01-17,79091,86520,165611,64109.2857,84960.7143,149070.0
2020-01-18,80578,86665,167243,65782.5714,86027.0,151809.5714
2020-01-19,80254,86096,166350,68905.2857,84640.2857,153545.5714
2020-01-20,77561,78927,156488,72494.4286,83445.1429,155939.5714
2020-01-21,80794,88561,169355,76087.7143,84158.8571,160246.5714
2020-01-22,88033,91638,179671,79394.2857,85422.5714,164816.8571
2020-01-23,87221,91885,179106,81933.1429,87184.5714,169117.7143
2020-01-24,75875,79559,155434,81473.7143,86190.1429,167663.8571
2020-01-25,62596,74858,137454,78904.8571,84503.4286,163408.2857
2020-01-26,69022,78498,147520,77300.2857,83418.0,160718.2857
2020-01-27,75533,80962,156495,77010.5714,83708.7143,160719.2857
2020-01-28,82415,81280,163695,77242.1429,82668.5714,159910.7143
2020-01-29,88489,82905,171394,77307.2857,81421.0,158728.2857
2020-01-30,73869,73724,147593,75399.8571,78826.5714,154226.4286
2020-01-31,74601,75117,149718,75217.8571,78192.0,153409.8571
2020-02-01,72159,67114,139273,76584.0,77085.7143,153669.7143
2020-02-02,78055,70556,148611,77874.4286,75951.1429,153825.5714
2020-02-03,68430,60373,128803,76859.7143,73009.8571,149869.5714
2020-02-04,66117,57593,123710,74531.4286,69626.0,144157.4286
2020-02-05,61370,52547,113917,70657.2857,65289.1429,135946.4286
2020-02-06,57931,46233,104164,68380.4286,61361.8571,129742.2857
2020-02-07,54738,44923,99661,65542.8571,57048.4286,122591.2857
2020-02-08,57787,42716,100503,63489.7143,53563.0,117052.7143
2020-02-09,60096,44960,105056,60924.1429,49906.4286,110830.5714
2020-02-10,50763,38071,88834,58400.2857,46720.4286,105120.7143
2020-02-11,44262,35210,79472,55278.1429,43522.8571,98801.0
2020-02-12,39918,31917,71835,52213.5714,40575.7143,92789.2857
2020-02-13,37274,29603,66877,49262.5714,38200.0,87462.5714
2020-02-14,34786,29832,64618,46412.2857,36044.1429,82456.4286
2020-02-15,36221,28757,64978,43331.4286,34050.0,77381.4286
2020-02-16,35316,28698,64014,39791.4286,31726.8571,71518.2857
2020-02-17,31261,25840,57101,37005.4286,29979.5714,66985.0
2020-02-18,29726,22704,52430,34928.8571,28193.0,63121.8571
2020-02-19,26435,21510,47945,33002.7143,26706.2857,59709.0
2020-02-20,24940,20781,45721,31240.7143,25446.0,56686.7143
2020-02-21,24225,21118,45343,29732.0,24201.1429,53933.1429
2020-02-22,24592,18695,43287,28070.7143,22763.7143,50834.4286
2020-02-23,24365,20049,44414,26506.2857,21528.1429,48034.4286
2020-02-24,17929,21214,39143,24601.7143,20867.2857,45469.0
2020-02-25,16917,17916,34833,22771.8571,20183.2857,42955.1429
2020-02-26,15424,15563,30987,21198.8571,19333.7143,40532.5714
2020-02-27,14112,14276,28388,19652.0,18404.4286,38056.4286
2020-02-28,14805,14979,29784,18306.2857,17527.4286,35833.7143
2020-02-29,16181,12526,28707,17104.7143,16646.1429,33750.8571
2020-03-01,16310,14850,31160,15954.0,15903.4286,31857.4286
2020-03-02,12284,12713,24997,15147.5714,14689.0,29836.5714
2020-03-03,11827,11517,23344,14420.4286,13774.8571,28195.2857
2020-03-04,10026,11107,21133,13649.2857,13138.2857,26787.5714
2020-03-05,9291,10639,19930,12960.5714,12618.7143,25579.2857
2020-03-06,8858,10724,19582,12111.0,12010.8571,24121.8571
2020-03-07,9504,9522,19026,11157.1429,11581.7143,22738.8571
2020-03-08,10699,10522,21221,10355.5714,10963.4286,21319.0
2020-03-09,8072,9228,17300,9753.8571,10465.5714,20219.4286
2020-03-10,8065,9307,17372,9216.4286,10149.8571,19366.2857
2020-03-11,7581,8364,15945,8867.1429,9758.0,18625.1429
2020-03-12,7702,7830,15532,8640.1429,9356.7143,17996.8571
2020-03-13,7550,7444,14994,8453.2857,8888.1429,17341.4286
2020-03-14,9277,7166,16443,8420.8571,8551.5714,16972.4286
2020-03-15,10785,8253,19038,8433.1429,8227.4286,16660.5714
2020-03-16,8294,6805,15099,8464.8571,7881.2857,16346.1429
2020-03-17,8423,5741,14164,8516.0,7371.8571,15887.8571
2020-03-18,8508,5643,14151,8648.4286,6983.1429,15631.5714
2020-03-19,6511,4937,11448,8478.2857,6569.8571,15048.1429
2020-03-20,5607,5205,10812,8200.7143,6250.0,14450.7143
2020-03-21,4965,3470,8435,7584.7143,5722.0,13306.7143
2020-03-22,4413,2896,7309,6674.4286,4956.7143,11631.1429
2020-03-23,3006,2418,5424,5919.0,4330.0,10249.0
2020-03-24,2986,2230,5216,5142.2857,3828.4286,8970.7143
2020-03-25,2776,1662,4438,4323.4286,3259.7143,7583.1429
2020-03-26,2792,1212,4004,3792.1429,2727.5714,6519.7143
2020-03-27,2303,1697,4000,3320.1429,2226.4286,5546.5714
2020-03-28,1922,1308,3230,2885.4286,1917.5714,4803.0
2020-03-29,1761,1013,2774,2506.5714,1648.5714,4155.1429
2020-03-30,1959,1006,2965,2357.0,1446.8571,3803.8571
2020-03-31,1799,1372,3171,2187.4286,1324.2857,3511.7143
2020-04-01,1588,1087,2675,2017.7143,1242.1429,3259.8571
2020-04-02,1374,1193,2567,1815.1429,1239.4286,3054.5714
2020-04-03,1019,491,1510,1631.7143,1067.1429,2698.8571
2020-04-04,629,435,1064,1447.0,942.4286,2389.4286
2020-04-05,1121,484,1605,1355.5714,866.8571,2222.4286
2020-04-06,706,739,1445,1176.5714,828.7143,2005.2857
2020-04-07,700,688,1388,1019.5714,731.0,1750.5714
2020-04-08,653,781,1434,886.0,687.2857,1573.2857
2020-04-09,681,685,1366,787.0,614.7143,1401.7143
2020-04-10,867,618,1485,765.2857,632.8571,1398.1429
2020-04-11,784,519,1303,787.4286,644.8571,1432.2857
2020-04-12,1262,756,2018,807.5714,683.7143,1491.2857
2020-04-13,602,872,1474,792.7143,702.7143,1495.4286
2020-04-14,371,351,722,745.7143,654.5714,1400.2857
2020-04-15,777,1139,1916,763.4286,705.7143,1469.1429
2020-04-16,653,741,1394,759.4286,713.7143,1473.1429
2020-04-17,851,381,1232,757.1429,679.8571,1437.0
2020-04-18,714,420,1134,747.1429,665.7143,1412.8571
2020-04-19,689,580,1269,665.2857,640.5714,1305.8571
2020-04-20,968,798,1766,717.5714,630.0,1347.5714
2020-04-21,572,373,945,746.2857,633.1429,1379.4286
2020-04-22,683,895,1578,732.8571,598.2857,1331.1429
2020-04-23,614,842,1456,727.2857,612.7143,1340.0
2020-04-24,491,499,990,675.8571,629.5714,1305.4286
2020-04-25,310,425,735,618.1429,630.2857,1248.4286
2020-04-26,852,590,1442,641.4286,631.7143,1273.1429
2020-04-27,214,768,982,533.7143,627.4286,1161.1429
2020-04-28,299,226,525,494.7143,606.4286,1101.1429
2020-04-29,783,1006,1789,509.0,622.2857,1131.2857
2020-04-30,785,1266,2051,533.4286,682.8571,1216.2857
2020-05-01,1259,1380,2639,643.1429,808.7143,1451.8571
2020-05-02,1010,602,1612,743.1429,834.0,1577.1429
2020-05-03,1032,854,1886,768.8571,871.7143,1640.5714
2020-05-04,744,1013,1757,844.5714,906.7143,1751.2857
2020-05-05,299,633,932,844.5714,964.8571,1809.4286
2020-05-06,903,892,1795,861.7143,948.5714,1810.2857
2020-05-07,599,322,921,835.1429,813.7143,1648.8571
2020-05-08,523,925,1448,730.0,748.7143,1478.7143
2020-05-09,576,644,1220,668.0,754.7143,1422.7143
2020-05-10,1151,900,2051,685.0,761.2857,1446.2857
2020-05-11,548,1103,1651,657.0,774.1429,1431.1429
2020-05-12,204,481,685,643.4286,752.4286,1395.8571
2020-05-13,766,797,1563,623.8571,738.8571,1362.7143
2020-05-14,869,448,1317,662.4286,756.8571,1419.2857
2020-05-15,794,1317,2111,701.1429,812.8571,1514.0
2020-05-16,846,852,1698,739.7143,842.5714,1582.2857
2020-05-17,1029,838,1867,722.2857,833.7143,1556.0
2020-05-18,573,1216,1789,725.8571,849.8571,1575.7143
2020-05-19,208,987,1195,726.4286,922.1429,1648.5714
2020-05-20,1241,693,1934,794.2857,907.2857,1701.5714
2020-05-21,634,604,1238,760.7143,929.5714,1690.2857
2020-05-22,719,774,1493,750.0,852.0,1602.0
2020-05-23,369,556,925,681.8571,809.7143,1491.5714
2020-05-24,963,615,1578,672.4286,777.8571,1450.2857
2020-05-25,439,866,1305,653.2857,727.8571,1381.1429
2020-05-26,310,780,1090,667.8571,698.2857,1366.1429
2020-05-27,777,917,1694,601.5714,730.2857,1331.8571
2020-05-28,727,579,1306,614.8571,726.7143,1341.5714
2020-05-29,914,1727,2641,642.7143,862.8571,1505.5714
2020-05-30,557,815,1372,669.5714,899.8571,1569.4286
2020-05-31,1099,1037,2136,689.0,960.1429,1649.1429
2020-06-01,959,1515,2474,763.2857,1052.8571,1816.1429
2020-06-02,708,1362,2070,820.1429,1136.0,1956.1429
2020-06-03,1370,789,2159,904.8571,1117.7143,2022.5714
2020-06-04,1157,528,1685,966.2857,1110.4286,2076.7143
2020-06-05,1018,1581,2599,981.1429,1089.5714,2070.7143
2020-06-06,691,835,1526,1000.2857,1092.4286,2092.7143
2020-06-07,1538,1033,2571,1063.0,1091.8571,2154.8571
2020-06-08,1316,1755,3071,1114.0,1126.1429,2240.1429
2020-06-09,552,928,1480,1091.7143,1064.1429,2155.8571
2020-06-10,1489,653,2142,1108.7143,1044.7143,2153.4286
2020-06-11,884,1061,1945,1069.7143,1120.8571,2190.5714
2020-06-12,780,954,1734,1035.7143,1031.2857,2067.0
2020-06-13,912,807,1719,1067.2857,1027.2857,2094.5714
2020-06-14,1425,773,2198,1051.1429,990.1429,2041.2857
2020-06-15,866,1199,2065,986.8571,910.7143,1897.5714
2020-06-16,668,1120,1788,1003.4286,938.1429,1941.5714
2020-06-17,1653,969,2622,1026.8571,983.2857,2010.1429
2020-06-18,532,527,1059,976.5714,907.0,1883.5714
2020-06-19,1007,1319,2326,1009.0,959.1429,1968.1429
2020-06-20,892,953,1845,1006.1429,980.0,1986.1429
2020-06-21,1054,746,1800,953.1429,976.1429,1929.2857
2020-06-22,1524,756,2280,1047.1429,912.8571,1960.0
2020-06-23,565,806,1371,1032.4286,868.0,1900.4286
2020-06-24,1440,1044,2484,1002.0,878.7143,1880.7143
2020-06-25,565,907,1472,1006.7143,933.0,1939.7143
2020-06-26,852,1100,1952,984.5714,901.7143,1886.2857
2020-06-27,1024,734,1758,1003.4286,870.4286,1873.8571
2020-06-28,1325,787,2112,1042.1429,876.2857,1918.4286
2020-06-29,737,942,1679,929.7143,902.8571,1832.5714
2020-06-30,744,1442,2186,955.2857,993.7143,1949.0
2020-07-01,1599,2343,3942,978.0,1179.2857,2157.2857
2020-07-02,1357,1851,3208,1091.1429,1314.1429,2405.2857
2020-07-03,1903,2007,3910,1241.2857,1443.7143,2685.0
2020-07-04,1140,1009,2149,1257.8571,1483.0,2740.8571
2020-07-05,2371,1497,3868,1407.2857,1584.4286,2991.7143
2020-07-06,1000,1471,2471,1444.8571,1660.0,3104.8571
2020-07-07,880,1590,2470,1464.2857,1681.1429,3145.4286
2020-07-08,1505,1711,3216,1450.8571,1590.8571,3041.7143
2020-07-09,1180,1624,2804,1425.5714,1558.4286,2984.0
2020-07-10,1437,2077,3514,1359.0,1568.4286,2927.4286
2020-07-11,1096,896,1992,1352.7143,1552.2857,2905.0
2020-07-12,2052,1710,3762,1307.1429,1582.7143,2889.8571
2020-07-13,914,1345,2259,1294.8571,1564.7143,2859.5714
2020-07-14,719,1357,2076,1271.8571,1531.4286,2803.2857
2020-07-15,1429,1900,3329,1261.0,1558.4286,2819.4286
2020-07-16,1176,1691,2867,1260.4286,1568.0,2828.4286
2020-07-17,1651,1753,3404,1291.0,1521.7143,2812.7143
2020-07-18,986,597,1583,1275.2857,1479.0,2754.2857
2020-07-19,2093,1244,3337,1281.1429,1412.4286,2693.5714
2020-07-20,1144,1935,3079,1314.0,1496.7143,2810.7143
2020-07-21,703,1893,2596,1311.7143,1573.2857,2885.0
2020-07-22,1256,1583,2839,1287.0,1528.0,2815.0
2020-07-23,1189,1830,3019,1288.8571,1547.8571,2836.7143
2020-07-24,1176,1375,2551,1221.0,1493.8571,2714.8571
2020-07-25,579,615,1194,1162.8571,1496.4286,2659.2857
2020-07-26,2179,1387,3566,1175.1429,1516.8571,2692.0
2020-07-27,863,1456,2319,1135.0,1448.4286,2583.4286
2020-07-28,697,1796,2493,1134.1429,1434.5714,2568.7143
2020-07-29,1455,1244,2699,1162.5714,1386.1429,2548.7143
2020-07-30,1249,1437,2686,1171.1429,1330.0,2501.1429
2020-07-31,1673,1899,3572,1242.1429,1404.8571,2647.0
2020-08-01,814,647,1461,1275.7143,1409.4286,2685.1429
2020-08-02,2597,1633,4230,1335.4286,1444.5714,2780.0
2020-08-03,959,1803,2762,1349.1429,1494.1429,2843.2857
2020-08-04,991,1622,2613,1391.1429,1469.2857,2860.4286
2020-08-05,2010,2341,4351,1470.4286,1626.0,3096.4286
2020-08-06,1390,2303,3693,1490.5714,1749.7143,3240.2857
2020-08-07,2366,1982,4348,1589.5714,1761.5714,3351.1429
2020-08-08,546,535,1081,1551.2857,1745.5714,3296.8571
2020-08-09,2620,1827,4447,1554.5714,1773.2857,3327.8571
2020-08-10,757,2020,2777,1525.7143,1804.2857,3330.0
2020-08-11,797,1279,2076,1498.0,1755.2857,3253.2857
2020-08-12,1616,2237,3853,1441.7143,1740.4286,3182.1429
2020-08-13,1374,2436,3810,1439.4286,1759.4286,3198.8571
2020-08-14,2111,2571,4682,1403.0,1843.5714,3246.5714
2020-08-15,573,483,1056,1406.8571,1836.1429,3243.0
2020-08-16,2983,1908,4891,1458.7143,1847.7143,3306.4286
2020-08-17,940,2145,3085,1484.8571,1865.5714,3350.4286
2020-08-18,775,1167,1942,1481.7143,1849.5714,3331.2857
2020-08-19,1742,2534,4276,1499.7143,1892.0,3391.7143
2020-08-20,1742,2250,3992,1552.2857,1865.4286,3417.7143
2020-08-21,1979,1914,3893,1533.4286,1771.5714,3305.0
2020-08-22,555,639,1194,1530.8571,1793.8571,3324.7143
2020-08-23,2751,1670,4421,1497.7143,1759.8571,3257.5714
2020-08-24,853,1649,2502,1485.2857,1689.0,3174.2857
2020-08-25,819,1076,1895,1491.5714,1676.0,3167.5714
2020-08-26,2189,2213,4402,1555.4286,1630.1429,3185.5714
2020-08-27,1376,2221,3597,1503.1429,1626.0,3129.1429
2020-08-28,2219,2117,4336,1537.4286,1655.0,3192.4286
2020-08-29,678,855,1533,1555.0,1685.8571,3240.8571
2020-08-30,2984,1682,4666,1588.2857,1687.5714,3275.8571
2020-08-31,1223,1650,2873,1641.1429,1687.7143,3328.8571
2020-09-01,1314,1562,2876,1711.8571,1757.1429,3469.0
2020-09-02,1739,2093,3832,1647.5714,1740.0,3387.5714
2020-09-03,1314,1914,3228,1638.7143,1696.1429,3334.8571
2020-09-04,2298,2412,4710,1650.0,1738.2857,3388.2857
2020-09-05,533,667,1200,1629.2857,1711.4286,3340.7143
2020-09-06,2597,1730,4327,1574.0,1718.2857,3292.2857
2020-09-07,1158,1630,2788,1564.7143,1715.4286,3280.1429
2020-09-08,1357,1176,2533,1570.8571,1660.2857,3231.1429
2020-09-09,2010,2609,4619,1609.5714,1734.0,3343.5714
2020-09-10,1946,2058,4004,1699.8571,1754.5714,3454.4286
2020-09-11,2584,1776,4360,1740.7143,1663.7143,3404.4286
2020-09-12,809,481,1290,1780.1429,1637.1429,3417.2857
2020-09-13,2599,1652,4251,1780.4286,1626.0,3406.4286
2020-09-14,1693,1472,3165,1856.8571,1603.4286,3460.2857
2020-09-15,1850,1165,3015,1927.2857,1601.8571,3529.1429
2020-09-16,2264,1642,3906,1963.5714,1463.7143,3427.2857
2020-09-17,1527,1907,3434,1903.7143,1442.1429,3345.8571
2020-09-18,2407,2071,4478,1878.4286,1484.2857,3362.7143
2020-09-19,780,648,1428,1874.2857,1508.1429,3382.4286
2020-09-20,2506,1347,3853,1861.0,1464.5714,3325.5714
2020-09-21,1241,1545,2786,1796.4286,1475.0,3271.4286
2020-09-22,1398,820,2218,1731.8571,1425.7143,3157.5714
2020-09-23,2068,1507,3575,1703.8571,1406.4286,3110.2857
2020-09-24,1691,1531,3222,1727.2857,1352.7143,3080.0
2020-09-25,2281,2125,4406,1709.2857,1360.4286,3069.7143
2020-09-26,989,625,1614,1739.1429,1357.1429,3096.2857
2020-09-27,2396,1332,3728,1723.4286,1355.0,3078.4286
2020-09-28,1347,1185,2532,1738.5714,1303.5714,3042.1429
2020-09-29,1362,799,2161,1733.4286,1300.5714,3034.0
2020-09-30,2858,1754,4612,1846.2857,1335.8571,3182.1429
2020-10-01,1165,1214,2379,1771.1429,1290.5714,3061.7143
2020-10-02,1735,1560,3295,1693.1429,1209.8571,2903.0
2020-10-03,726,443,1169,1655.5714,1183.8571,2839.4286
2020-10-04,2167,1453,3620,1622.8571,1201.1429,2824.0
2020-10-05,1007,1676,2683,1574.2857,1271.2857,2845.5714
2020-10-06,1165,967,2132,1546.1429,1295.2857,2841.4286
2020-10-07,1955,2028,3983,1417.1429,1334.4286,2751.5714
2020-10-08,1217,2911,4128,1424.5714,1576.8571,3001.4286
2020-10-09,1771,1647,3418,1429.7143,1589.2857,3019.0
2020-10-10,585,1206,1791,1409.5714,1698.2857,3107.8571
2020-10-11,2517,2401,4918,1459.5714,1833.7143,3293.2857
2020-10-12,832,863,1695,1434.5714,1717.5714,3152.1429
2020-10-13,874,682,1556,1393.0,1676.8571,3069.8571
2020-10-14,1567,1742,3309,1337.5714,1636.0,2973.5714
2020-10-15,1262,1787,3049,1344.0,1475.4286,2819.4286
2020-10-16,2074,1851,3925,1387.2857,1504.5714,2891.8571
2020-10-17,783,1061,1844,1415.5714,1483.8571,2899.4286
2020-10-18,2055,1483,3538,1349.5714,1352.7143,2702.2857
2020-10-19,916,1420,2336,1361.5714,1432.2857,2793.8571
2020-10-20,1112,767,1879,1395.5714,1444.4286,2840.0
2020-10-21,1589,1569,3158,1398.7143,1419.7143,2818.4286
2020-10-22,1352,1511,2863,1411.5714,1380.2857,2791.8571
2020-10-23,1940,1846,3786,1392.4286,1379.5714,2772.0
2020-10-24,586,707,1293,1364.2857,1329.0,2693.2857
2020-10-25,2033,1410,3443,1361.1429,1318.5714,2679.7143
2020-10-26,841,1013,1854,1350.4286,1260.4286,2610.8571
2020-10-27,921,994,1915,1323.1429,1292.8571,2616.0
2020-10-28,1751,1622,3373,1346.2857,1300.4286,2646.7143
2020-10-29,1153,1347,2500,1317.8571,1277.0,2594.8571
2020-10-30,2274,1730,4004,1365.5714,1260.4286,2626.0
2020-10-31,731,712,1443,1386.2857,1261.1429,2647.4286
2020-11-01,2455,1447,3902,1446.5714,1266.4286,2713.0
2020-11-02,1165,1233,2398,1492.8571,1297.8571,2790.7143
2020-11-03,1032,741,1773,1508.7143,1261.7143,2770.4286
2020-11-04,1901,1882,3783,1530.1429,1298.8571,2829.0
2020-11-05,1429,1306,2735,1569.5714,1293.0,2862.5714
2020-11-06,1981,1521,3502,1527.7143,1263.1429,2790.8571
2020-11-07,884,652,1536,1549.5714,1254.5714,2804.1429
2020-11-08,2494,1432,3926,1555.1429,1252.4286,2807.5714
2020-11-09,980,847,1827,1528.7143,1197.2857,2726.0
2020-11-10,1318,764,2082,1569.5714,1200.5714,2770.1429
2020-11-11,1671,1646,3317,1536.7143,1166.8571,2703.5714
2020-11-12,1175,1185,2360,1500.4286,1149.5714,2650.0
2020-11-13,2414,1508,3922,1562.2857,1147.7143,2710.0
2020-11-14,964,835,1799,1573.7143,1173.8571,2747.5714
2020-11-15,2615,1766,4381,1591.0,1221.5714,2812.5714
2020-11-16,1163,1272,2435,1617.1429,1282.2857,2899.4286
2020-11-17,1049,684,1733,1578.7143,1270.8571,2849.5714
2020-11-18,1787,2018,3805,1595.2857,1324.0,2919.2857
2020-11-19,1332,1292,2624,1617.7143,1339.2857,2957.0
2020-11-20,2179,1520,3699,1584.1429,1341.0,2925.1429
2020-11-21,914,748,1662,1577.0,1328.5714,2905.5714
2020-11-22,2432,1198,3630,1550.8571,1247.4286,2798.2857
2020-11-23,1274,845,2119,1566.7143,1186.4286,2753.1429
2020-11-24,1145,901,2046,1580.4286,1217.4286,2797.8571
2020-11-25,2074,2031,4105,1621.4286,1219.2857,2840.7143
2020-11-26,1773,1277,3050,1684.4286,1217.1429,2901.5714
2020-11-27,3335,1520,4855,1849.5714,1217.1429,3066.7143
2020-11-28,1464,1242,2706,1928.1429,1287.7143,3215.8571
2020-11-29,4514,1232,5746,2225.5714,1292.5714,3518.1429
2020-11-30,2011,889,2900,2330.8571,1298.8571,3629.7143
2020-12-01,1162,816,1978,2333.2857,1286.7143,3620.0
2020-12-02,1545,1669,3214,2257.7143,1235.0,3492.7143
2020-12-03,1197,1118,2315,2175.4286,1212.2857,3387.7143
2020-12-04,2361,1789,4150,2036.2857,1250.7143,3287.0
2020-12-05,909,842,1751,1957.0,1193.5714,3150.5714
2020-12-06,2620,1283,3903,1686.4286,1200.8571,2887.2857
2020-12-07,1119,847,1966,1559.0,1194.8571,2753.8571
2020-12-08,1351,774,2125,1586.0,1188.8571,2774.8571
2020-12-09,1712,1503,3215,1609.8571,1165.1429,2775.0
2020-12-10,1604,1348,2952,1668.0,1198.0,2866.0
2020-12-11,2506,1559,4065,1688.7143,1165.1429,2853.8571
2020-12-12,1163,1139,2302,1725.0,1207.5714,2932.5714
2020-12-13,2533,1259,3792,1712.5714,1204.1429,2916.7143
2020-12-14,1208,1191,2399,1725.2857,1253.2857,2978.5714
2020-12-15,1285,896,2181,1715.8571,1270.7143,2986.5714
2020-12-16,1791,1575,3366,1727.1429,1281.0,3008.1429
2020-12-17,1239,1458,2697,1675.0,1296.7143,2971.7143
2020-12-18,1681,1760,3441,1557.1429,1325.4286,2882.5714
2020-12-19,760,920,1680,1499.5714,1294.1429,2793.7143
2020-12-20,2484,1608,4092,1492.5714,1344.0,2836.5714
2020-12-21,920,817,1737,1451.4286,1290.5714,2742.0
2020-12-22,1045,688,1733,1417.1429,1260.8571,2678.0
2020-12-23,1528,1844,3372,1379.5714,1299.2857,2678.8571
2020-12-24,1278,913,2191,1385.1429,1221.4286,2606.5714
2020-12-25,1666,1216,2882,1383.0,1143.7143,2526.7143
2020-12-26,750,636,1386,1381.5714,1103.1429,2484.7143
2020-12-27,2023,1093,3116,1315.7143,1029.5714,2345.2857
2020-12-28,829,1015,1844,1302.7143,1057.8571,2360.5714
2020-12-29,1306,632,1938,1340.0,1049.8571,2389.8571
2020-12-30,1904,1935,3839,1393.7143,1062.8571,2456.5714
2020-12-31,1461,1026,2487,1419.8571,1079.0,2498.8571
2021-01-01,1745,1120,2865,1431.1429,1065.2857,2496.4286
2021-01-02,578,550,1128,1406.5714,1053.0,2459.5714
2021-01-03,1860,1547,3407,1383.2857,1117.8571,2501.1429
2021-01-04,966,775,1741,1402.8571,1083.5714,2486.4286
2021-01-05,1574,826,2400,1441.1429,1111.2857,2552.4286
2021-01-06,2253,1846,4099,1491.0,1098.5714,2589.5714
2021-01-07,2184,1746,3930,1594.2857,1201.4286,2795.7143
2021-01-08,3410,1947,5357,1832.1429,1319.5714,3151.7143
2021-01-09,1588,748,2336,1976.4286,1347.8571,3324.2857
2021-01-10,3292,1815,5107,2181.0,1386.1429,3567.1429
2021-01-11,1882,928,2810,2311.8571,1408.0,3719.8571
2021-01-12,2686,920,3606,2470.7143,1421.4286,3892.1429
2021-01-13,5231,1965,7196,2896.1429,1438.4286,4334.5714
2021-01-14,5797,1223,7020,3412.2857,1363.7143,4776.0
2021-01-15,3076,1658,4734,3364.5714,1322.4286,4687.0
2021-01-16,1490,1056,2546,3350.5714,1366.4286,4717.0
2021-01-17,2826,1397,4223,3284.0,1306.7143,4590.7143
2021-01-18,1695,921,2616,3257.2857,1305.7143,4563.0
2021-01-19,2084,719,2803,3171.2857,1277.0,4448.2857
2021-01-20,3462,2025,5487,2918.5714,1285.5714,4204.1429
2021-01-21,3156,1145,4301,2541.2857,1274.4286,3815.7143
2021-01-22,4621,1546,6167,2762.0,1258.4286,4020.4286
2021-01-23,3633,1025,4658,3068.1429,1254.0,4322.1429
2021-01-24,4226,1502,5728,3268.1429,1269.0,4537.1429
2021-01-25,2641,681,3322,3403.2857,1234.7143,4638.0
2021-01-26,3452,773,4225,3598.7143,1242.4286,4841.1429
2021-01-27,2747,1162,3909,3496.5714,1119.1429,4615.7143
2021-01-28,946,716,1662,3180.8571,1057.8571,4238.7143
2021-01-29,942,925,1867,2655.2857,969.1429,3624.4286
2021-01-30,414,426,840,2195.4286,883.5714,3079.0
2021-01-31,1142,800,1942,1754.8571,783.2857,2538.1429
2021-02-01,460,292,752,1443.2857,727.7143,2171.0
2021-02-02,965,320,1285,1088.0,663.0,1751.0
2021-02-03,1202,1209,2411,867.2857,669.7143,1537.0
2021-02-04,1166,741,1907,898.7143,673.2857,1572.0
2021-02-05,951,1649,2600,900.0,776.7143,1676.7143
2021-02-06,453,453,906,905.5714,780.5714,1686.1429
2021-02-07,1355,786,2141,936.0,778.5714,1714.5714
2021-02-08,498,266,764,941.4286,774.8571,1716.2857
2021-02-09,663,416,1079,898.2857,788.5714,1686.8571
2021-02-10,506,975,1481,798.8571,755.1429,1554.0
2021-02-11,372,440,812,685.4286,712.1429,1397.5714
2021-02-12,409,455,864,608.0,541.5714,1149.5714
2021-02-13,161,272,433,566.2857,515.7143,1082.0
2021-02-14,716,1082,1798,475.0,558.0,1033.0
2021-02-15,285,774,1059,444.5714,630.5714,1075.1429
2021-02-16,294,851,1145,391.8571,692.7143,1084.5714
2021-02-17,1344,2825,4169,511.5714,957.0,1468.5714
2021-02-18,966,2992,3958,596.4286,1321.5714,1918.0
2021-02-19,1507,3740,5247,753.2857,1790.8571,2544.1429
2021-02-20,559,3045,3604,810.1429,2187.0,2997.1429
2021-02-21,1967,4005,5972,988.8571,2604.5714,3593.4286
2021-02-22,511,3363,3874,1021.1429,2974.4286,3995.5714
2021-02-23,522,1665,2187,1053.7143,3090.7143,4144.4286
2021-02-24,1104,3641,4745,1019.4286,3207.2857,4226.7143
2021-02-25,932,2462,3394,1014.5714,3131.5714,4146.1429
2021-02-26,1068,2800,3868,951.8571,2997.2857,3949.1429
2021-02-27,539,2056,2595,949.0,2856.0,3805.0
2021-02-28,1487,3046,4533,880.4286,2719.0,3599.4286
2021-03-01,626,2339,2965,896.8571,2572.7143,3469.5714
2021-03-02,858,1136,1994,944.8571,2497.1429,3442.0
2021-03-03,1156,2740,3896,952.2857,2368.4286,3320.7143
2021-03-04,1027,2126,3153,965.8571,2320.4286,3286.2857
2021-03-05,1505,3065,4570,1028.2857,2358.2857,3386.5714
2021-03-06,511,1262,1773,1024.2857,2244.8571,3269.1429
2021-03-07,1741,1900,3641,1060.5714,2081.1429,3141.7143
2021-03-08,630,1348,1978,1061.1429,1939.5714,3000.7143
2021-03-09,754,955,1709,1046.2857,1913.7143,2960.0
2021-03-10,1420,2630,4050,1084.0,1898.0,2982.0
2021-03-11,1020,1595,2615,1083.0,1822.1429,2905.1429
2021-03-12,1702,2476,4178,1111.1429,1738.0,2849.1429
2021-03-13,675,961,1636,1134.5714,1695.0,2829.5714
2021-03-14,1801,1530,3331,1143.1429,1642.1429,2785.2857
2021-03-15,1011,1210,2221,1197.5714,1622.4286,2820.0
2021-03-16,1101,883,1984,1247.1429,1612.1429,2859.2857
2021-03-17,1507,2200,3707,1259.5714,1550.7143,2810.2857
2021-03-18,1153,1655,2808,1278.5714,1559.2857,2837.8571
2021-03-19,1580,2150,3730,1261.1429,1512.7143,2773.8571
2021-03-20,584,840,1424,1248.1429,1495.4286,2743.5714
2021-03-21,1429,1163,2592,1195.0,1443.0,2638.0
2021-03-22,1003,701,1704,1193.8571,1370.2857,2564.1429
2021-03-23,1014,837,1851,1181.4286,1363.7143,2545.1429
2021-03-24,1336,2065,3401,1157.0,1344.4286,2501.4286
2021-03-25,1087,2069,3156,1147.5714,1403.5714,2551.1429
2021-03-26,1623,2023,3646,1153.7143,1385.4286,2539.1429
2021-03-27,451,708,1159,1134.7143,1366.5714,2501.2857
2021-03-28,2180,1363,3543,1242.0,1395.1429,2637.1429
2021-03-29,567,697,1264,1179.7143,1394.5714,2574.2857
2021-03-30,1250,674,1924,1213.4286,1371.2857,2584.7143
2021-03-31,1657,2577,4234,1259.2857,1444.4286,2703.7143
2021-04-01,1277,2269,3546,1286.4286,1473.0,2759.4286
2021-04-02,1978,1401,3379,1337.1429,1384.1429,2721.2857
2021-04-03,642,576,1218,1364.4286,1365.2857,2729.7143
2021-04-04,1326,897,2223,1242.4286,1298.7143,2541.1429
2021-04-05,579,572,1151,1244.1429,1280.8571,2525.0
2021-04-06,1126,1066,2192,1226.4286,1336.8571,2563.2857
2021-04-07,1729,1997,3726,1236.7143,1254.0,2490.7143
2021-04-08,1279,2116,3395,1237.0,1232.1429,2469.1429
2021-04-09,1702,2355,4057,1197.5714,1368.4286,2566.0
2021-04-10,649,981,1630,1198.5714,1426.2857,2624.8571
2021-04-11,2100,1854,3954,1309.1429,1563.0,2872.1429
2021-04-12,857,1419,2276,1348.8571,1684.0,3032.8571
2021-04-13,689,1025,1714,1286.4286,1678.1429,2964.5714
2021-04-14,1609,2215,3824,1269.2857,1709.2857,2978.5714
2021-04-15,1155,1870,3025,1251.5714,1674.1429,2925.7143
2021-04-16,1893,2022,3915,1278.8571,1626.5714,2905.4286
2021-04-17,664,733,1397,1281.0,1591.1429,2872.1429
2021-04-18,1765,1000,2765,1233.1429,1469.1429,2702.2857
2021-04-19,759,845,1604,1219.1429,1387.1429,2606.2857
2021-04-20,833,764,1597,1239.7143,1349.8571,2589.5714
2021-04-21,1446,2396,3842,1216.4286,1375.7143,2592.1429
2021-04-22,1148,2389,3537,1215.4286,1449.8571,2665.2857
2021-04-23,1776,1995,3771,1198.7143,1446.0,2644.7143
2021-04-24,541,845,1386,1181.1429,1462.0,2643.1429
2021-04-25,1834,1051,2885,1191.0,1469.2857,2660.2857
2021-04-26,904,798,1702,1211.7143,1462.5714,2674.2857
2021-04-27,1026,658,1684,1239.2857,1447.4286,2686.7143
2021-04-28,1663,2591,4254,1270.2857,1475.2857,2745.5714
2021-04-29,1158,1330,2488,1271.7143,1324.0,2595.7143
2021-04-30,2107,2066,4173,1319.0,1334.1429,2653.1429
2021-05-01,634,738,1372,1332.2857,1318.8571,2651.1429
2021-05-02,1698,1171,2869,1312.8571,1336.0,2648.8571
2021-05-03,685,838,1523,1281.5714,1341.7143,2623.2857
2021-05-04,804,769,1573,1249.8571,1357.5714,2607.4286
2021-05-05,1611,1808,3419,1242.4286,1245.7143,2488.1429
2021-05-06,973,1594,2567,1216.0,1283.4286,2499.4286
2021-05-07,1903,1924,3827,1186.8571,1263.1429,2450.0
2021-05-08,892,991,1883,1223.7143,1299.2857,2523.0
2021-05-09,1768,995,2763,1233.7143,1274.1429,2507.8571
2021-05-10,1064,990,2054,1287.8571,1295.8571,2583.7143
2021-05-11,1111,778,1889,1331.7143,1297.1429,2628.8571
2021-05-12,2009,1565,3574,1388.5714,1262.4286,2651.0
2021-05-13,1055,1251,2306,1400.2857,1213.4286,2613.7143
2021-05-14,2039,1641,3680,1419.7143,1173.0,2592.7143
2021-05-15,845,867,1712,1413.0,1155.2857,2568.2857
2021-05-16,2000,1359,3359,1446.1429,1207.2857,2653.4286
2021-05-17,880,1132,2012,1419.8571,1227.5714,2647.4286
2021-05-18,730,663,1393,1365.4286,1211.1429,2576.5714
2021-05-19,985,1915,2900,1219.1429,1261.1429,2480.2857
2021-05-20,449,1697,2146,1132.5714,1324.8571,2457.4286
2021-05-21,1139,2272,3411,1004.0,1415.0,2419.0
2021-05-22,416,1134,1550,942.7143,1453.1429,2395.8571
2021-05-23,746,896,1642,763.5714,1387.0,2150.5714
2021-05-24,367,1065,1432,690.2857,1377.4286,2067.7143
2021-05-25,282,825,1107,626.2857,1400.5714,2026.8571
2021-05-26,790,2354,3144,598.4286,1463.2857,2061.7143
2021-05-27,350,1489,1839,584.2857,1433.5714,2017.8571
2021-05-28,1407,2720,4127,622.5714,1497.5714,2120.1429
2021-05-29,330,1128,1458,610.2857,1496.7143,2107.0
2021-05-30,883,1474,2357,629.8571,1579.2857,2209.1429
2021-05-31,302,1593,1895,620.5714,1654.7143,2275.2857
2021-06-01,465,849,1314,646.7143,1658.1429,2304.8571
2021-06-02,737,3036,3773,639.1429,1755.5714,2394.7143
2021-06-03,331,1751,2082,636.4286,1793.0,2429.4286
2021-06-04,1025,2846,3871,581.8571,1811.0,2392.8571
2021-06-05,396,1248,1644,591.2857,1828.1429,2419.4286
2021-06-06,849,1587,2436,586.4286,1844.2857,2430.7143
2021-06-07,236,1278,1514,577.0,1799.2857,2376.2857
2021-06-08,324,1291,1615,556.8571,1862.4286,2419.2857
2021-06-09,575,2481,3056,533.7143,1783.1429,2316.8571
2021-06-10,349,2003,2352,536.2857,1819.1429,2355.4286
2021-06-11,1346,3273,4619,582.1429,1880.1429,2462.2857
2021-06-12,324,1527,1851,571.8571,1920.0,2491.8571
2021-06-13,828,2014,2842,568.8571,1981.0,2549.8571
2021-06-14,241,1274,1515,569.5714,1980.4286,2550.0
2021-06-15,387,912,1299,578.5714,1926.2857,2504.8571
2021-06-16,689,2251,2940,594.8571,1893.4286,2488.2857
2021-06-17,498,2557,3055,616.1429,1972.5714,2588.7143
2021-06-18,1171,3465,4636,591.1429,2000.0,2591.1429
2021-06-19,356,2023,2379,595.7143,2070.8571,2666.5714
2021-06-20,981,1890,2871,617.5714,2053.1429,2670.7143
2021-06-21,332,1473,1805,630.5714,2081.5714,2712.1429
2021-06-22,356,1370,1726,626.1429,2147.0,2773.1429
2021-06-23,806,2838,3644,642.8571,2230.8571,2873.7143
2021-06-24,420,1862,2282,631.7143,2131.5714,2763.2857
2021-06-25,1499,2954,4453,678.5714,2058.5714,2737.1429
2021-06-26,682,2004,2686,725.1429,2055.8571,2781.0
2021-06-27,815,1655,2470,701.4286,2022.2857,2723.7143
2021-06-28,265,1522,1787,691.8571,2029.2857,2721.1429
2021-06-29,475,1168,1643,708.8571,2000.4286,2709.2857
2021-06-30,1062,2875,3937,745.4286,2005.7143,2751.1429
2021-07-01,696,2813,3509,784.8571,2141.5714,2926.4286
2021-07-02,1389,2982,4371,769.1429,2145.5714,2914.7143
2021-07-03,550,1443,1993,750.2857,2065.4286,2815.7143
2021-07-04,1199,2319,3518,805.1429,2160.2857,2965.4286
2021-07-05,388,1698,2086,822.7143,2185.4286,3008.1429
2021-07-06,467,1052,1519,821.5714,2168.8571,2990.4286
2021-07-07,906,2568,3474,799.2857,2125.0,2924.2857
2021-07-08,561,2159,2720,780.0,2031.5714,2811.5714
2021-07-09,1323,2728,4051,770.5714,1995.2857,2765.8571
2021-07-10,737,1540,2277,797.2857,2009.1429,2806.4286
2021-07-11,1198,1445,2643,797.1429,1884.2857,2681.4286
2021-07-12,440,1226,1666,804.5714,1816.8571,2621.4286
2021-07-13,520,1067,1587,812.1429,1819.0,2631.1429
2021-07-14,1147,2459,3606,846.5714,1803.4286,2650.0
2021-07-15,778,2072,2850,877.5714,1791.0,2668.5714
2021-07-16,1523,2962,4485,906.1429,1824.4286,2730.5714
2021-07-17,643,1131,1774,892.7143,1766.0,2658.7143
2021-07-18,1322,1737,3059,910.4286,1807.7143,2718.1429
2021-07-19,505,1182,1687,919.7143,1801.4286,2721.1429
2021-07-20,784,870,1654,957.4286,1773.2857,2730.7143
2021-07-21,1139,2110,3249,956.2857,1723.4286,2679.7143
2021-07-22,616,1878,2494,933.1429,1695.7143,2628.8571
2021-07-23,1180,1585,2765,884.1429,1499.0,2383.1429
2021-07-24,550,1013,1563,870.8571,1482.1429,2353.0
2021-07-25,1143,1362,2505,845.2857,1428.5714,2273.8571
2021-07-26,342,1010,1352,822.0,1404.0,2226.0
2021-07-27,788,1205,1993,822.5714,1451.8571,2274.4286
2021-07-28,1221,2752,3973,834.2857,1543.5714,2377.8571
2021-07-29,753,1948,2701,853.8571,1553.5714,2407.4286
2021-07-30,2076,2262,4338,981.8571,1650.2857,2632.1429
2021-07-31,856,1431,2287,1025.5714,1710.0,2735.5714
2021-08-01,1601,1994,3595,1091.0,1800.2857,2891.2857
2021-08-02,830,1392,2222,1160.7143,1854.8571,3015.5714
2021-08-03,1040,1094,2134,1196.7143,1839.0,3035.7143
2021-08-04,1534,2301,3835,1241.4286,1774.5714,3016.0
2021-08-05,1002,2157,3159,1277.0,1804.4286,3081.4286
2021-08-06,1754,1824,3578,1231.0,1741.8571,2972.8571
2021-08-07,650,860,1510,1201.5714,1660.2857,2861.8571
2021-08-08,1711,2455,4166,1217.2857,1726.1429,2943.4286
2021-08-09,741,1355,2096,1204.5714,1720.8571,2925.4286
2021-08-10,1032,1228,2260,1203.4286,1740.0,2943.4286
2021-08-11,1447,2664,4111,1191.0,1791.8571,2982.8571
2021-08-12,1368,2187,3555,1243.2857,1796.1429,3039.4286
2021-08-13,1623,1856,3479,1224.5714,1800.7143,3025.2857
2021-08-14,838,1358,2196,1251.4286,1871.8571,3123.2857
2021-08-15,1730,2263,3993,1254.1429,1844.4286,3098.5714
2021-08-16,774,1474,2248,1258.8571,1861.4286,3120.2857
2021-08-17,1422,1024,2446,1314.5714,1832.2857,3146.8571
2021-08-18,1723,2909,4632,1354.0,1867.2857,3221.2857
2021-08-19,976,2110,3086,1298.0,1856.2857,3154.2857
2021-08-20,1847,2299,4146,1330.0,1919.5714,3249.5714
2021-08-21,961,1176,2137,1347.5714,1893.5714,3241.1429
2021-08-22,1549,1530,3079,1321.7143,1788.8571,3110.5714
2021-08-23,667,1099,1766,1306.4286,1735.2857,3041.7143
2021-08-24,995,968,1963,1245.4286,1727.2857,2972.7143
2021-08-25,1474,1891,3365,1209.8571,1581.8571,2791.7143
2021-08-26,1029,1851,2880,1217.4286,1544.8571,2762.2857
2021-08-27,2067,1693,3760,1248.8571,1458.2857,2707.1429
2021-08-28,1055,1515,2570,1262.2857,1506.7143,2769.0
2021-08-29,1524,1442,2966,1258.7143,1494.1429,2752.8571
2021-08-30,724,1041,1765,1266.8571,1485.8571,2752.7143
2021-08-31,1080,1128,2208,1279.0,1508.7143,2787.7143
2021-09-01,2093,2071,4164,1367.4286,1534.4286,2901.8571
2021-09-02,1350,1862,3212,1413.2857,1536.0,2949.2857
2021-09-03,2296,1578,3874,1446.0,1519.5714,2965.5714
2021-09-04,1134,1118,2252,1457.2857,1462.8571,2920.1429
2021-09-05,1798,1330,3128,1496.4286,1446.8571,2943.2857
2021-09-06,807,881,1688,1508.2857,1424.0,2932.2857
2021-09-07,1099,943,2042,1511.0,1397.5714,2908.5714
2021-09-08,1415,1474,2889,1414.1429,1312.2857,2726.4286
2021-09-09,1224,1653,2877,1396.1429,1282.4286,2678.5714
2021-09-10,1870,1823,3693,1335.2857,1317.4286,2652.7143
2021-09-11,1024,1680,2704,1319.5714,1397.7143,2717.2857
2021-09-12,498,378,876,1133.8571,1261.7143,2395.5714
2021-09-13,1142,1090,2232,1181.7143,1291.5714,2473.2857
2021-09-14,1151,983,2134,1189.1429,1297.2857,2486.4286
2021-09-15,1825,1885,3710,1247.7143,1356.0,2603.7143
2021-09-16,1308,1690,2998,1259.7143,1361.2857,2621.0
2021-09-17,2296,1804,4100,1320.5714,1358.5714,2679.1429
2021-09-18,938,936,1874,1308.2857,1252.2857,2560.5714
2021-09-19,1286,1289,2575,1420.8571,1382.4286,2803.2857
2021-09-20,673,347,1020,1353.8571,1276.2857,2630.1429
2021-09-21,1019,483,1502,1335.0,1204.8571,2539.8571
2021-09-22,1281,917,2198,1257.2857,1066.5714,2323.8571
2021-09-23,1293,1693,2986,1255.1429,1067.0,2322.1429
2021-09-24,2439,2140,4579,1275.5714,1115.0,2390.5714
2021-09-25,933,1473,2406,1274.8571,1191.7143,2466.5714
2021-09-26,1910,1070,2980,1364.0,1160.4286,2524.4286
2021-09-27,663,677,1340,1362.5714,1207.5714,2570.1429
2021-09-28,1133,809,1942,1378.8571,1254.1429,2633.0
2021-09-29,1874,1555,3429,1463.5714,1345.2857,2808.8571
2021-09-30,1252,1874,3126,1457.7143,1371.1429,2828.8571
2021-10-01,2223,1917,4140,1426.8571,1339.2857,2766.1429
2021-10-02,908,1008,1916,1423.2857,1272.8571,2696.1429
2021-10-03,1523,1103,2626,1368.0,1277.5714,2645.5714
2021-10-04,512,598,1110,1346.4286,1266.2857,2612.7143
2021-10-05,1278,1358,2636,1367.1429,1344.7143,2711.8571
2021-10-06,1699,1292,2991,1342.1429,1307.1429,2649.2857
2021-10-07,1204,1133,2337,1335.2857,1201.2857,2536.5714
2021-10-08,2022,2219,4241,1306.5714,1244.4286,2551.0
2021-10-09,923,1267,2190,1308.7143,1281.4286,2590.1429
2021-10-10,1503,929,2432,1305.8571,1256.5714,2562.4286
2021-10-11,882,710,1592,1358.7143,1272.5714,2631.2857
2021-10-12,852,789,1641,1297.8571,1191.2857,2489.1429
2021-10-13,1635,1121,2756,1288.7143,1166.8571,2455.5714
2021-10-14,1247,1257,2504,1294.8571,1184.5714,2479.4286
2021-10-15,2660,2087,4747,1386.0,1165.7143,2551.7143
2021-10-16,1145,1162,2307,1417.7143,1150.7143,2568.4286
2021-10-17,1379,935,2314,1400.0,1151.5714,2551.5714
2021-10-18,782,861,1643,1385.7143,1173.1429,2558.8571
2021-10-19,748,895,1643,1370.8571,1188.2857,2559.1429
2021-10-20,1523,1229,2752,1354.8571,1203.7143,2558.5714
2021-10-21,1137,1264,2401,1339.1429,1204.7143,2543.8571
2021-10-22,1968,2301,4269,1240.2857,1235.2857,2475.5714
2021-10-23,828,1027,1855,1195.0,1216.0,2411.0
2021-10-24,1383,957,2340,1195.5714,1219.1429,2414.7143
2021-10-25,822,772,1594,1201.2857,1206.4286,2407.7143
2021-10-26,808,921,1729,1209.8571,1210.1429,2420.0
2021-10-27,1334,1268,2602,1182.8571,1215.7143,2398.5714
2021-10-28,1219,1782,3001,1194.5714,1289.7143,2484.2857
2021-10-29,2286,1630,3916,1240.0,1193.8571,2433.8571
2021-10-30,1100,1396,2496,1278.8571,1246.5714,2525.4286
2021-10-31,1656,1204,2860,1317.8571,1281.8571,2599.7143
2021-11-01,976,856,1832,1339.8571,1293.8571,2633.7143
2021-11-02,1032,827,1859,1371.8571,1280.4286,2652.2857
2021-11-03,1540,1257,2797,1401.2857,1278.8571,2680.1429
2021-11-04,1262,1441,2703,1407.4286,1230.1429,2637.5714
2021-11-05,2049,2186,4235,1373.5714,1309.5714,2683.1429
2021-11-06,1229,1163,2392,1392.0,1276.2857,2668.2857
2021-11-07,1544,952,2496,1376.0,1240.2857,2616.2857
2021-11-08,1051,689,1740,1386.7143,1216.4286,2603.1429
2021-11-09,910,958,1868,1369.2857,1235.1429,2604.4286
2021-11-10,1643,1244,2887,1384.0,1233.2857,2617.2857
2021-11-11,1117,1151,2268,1363.2857,1191.8571,2555.1429
2021-11-12,2196,1574,3770,1384.2857,1104.4286,2488.7143
2021-11-13,901,868,1769,1337.4286,1062.2857,2399.7143
2021-11-14,1535,1027,2562,1336.1429,1073.0,2409.1429
2021-11-15,1014,934,1948,1330.8571,1108.0,2438.8571
2021-11-16,1088,865,1953,1356.2857,1094.7143,2451.0
2021-11-17,1616,1344,2960,1352.4286,1109.0,2461.4286
2021-11-18,1288,1613,2901,1376.8571,1175.0,2551.8571
2021-11-19,2182,1599,3781,1374.8571,1178.5714,2553.4286
2021-11-20,1243,941,2184,1423.7143,1189.0,2612.7143
2021-11-21,1552,924,2476,1426.1429,1174.2857,2600.4286
2021-11-22,1152,677,1829,1445.8571,1137.5714,2583.4286
2021-11-23,1232,727,1959,1466.4286,1117.8571,2584.2857
2021-11-24,1689,1331,3020,1476.8571,1116.0,2592.8571
2021-11-25,1600,1511,3111,1521.4286,1101.4286,2622.8571
2021-11-26,2783,1799,4582,1607.2857,1130.0,2737.2857
2021-11-27,1167,1328,2495,1596.4286,1185.2857,2781.7143
2021-11-28,1507,1007,2514,1590.0,1197.1429,2787.1429
2021-11-29,995,1054,2049,1567.5714,1251.0,2818.5714
2021-11-30,1356,1184,2540,1585.2857,1316.2857,2901.5714
2021-12-01,2050,1608,3658,1636.8571,1355.8571,2992.7143
2021-12-02,1340,1482,2822,1599.7143,1351.7143,2951.4286
2021-12-03,2260,1978,4238,1525.0,1377.2857,2902.2857
2021-12-04,1199,1214,2413,1529.5714,1361.0,2890.5714
2021-12-05,1589,1157,2746,1541.2857,1382.4286,2923.7143
2021-12-06,990,661,1651,1540.5714,1326.2857,2866.8571
2021-12-07,1018,989,2007,1492.2857,1298.4286,2790.7143
2021-12-08,1752,1946,3698,1449.7143,1346.7143,2796.4286
2021-12-09,1033,1339,2372,1405.8571,1326.2857,2732.1429
2021-12-10,1970,2304,4274,1364.4286,1372.8571,2737.2857
2021-12-11,900,1535,2435,1321.7143,1418.7143,2740.4286
2021-12-12,1166,1359,2525,1261.2857,1447.5714,2708.8571
2021-12-13,605,870,1475,1206.2857,1477.4286,2683.7143
2021-12-14,3342,1018,4360,1538.2857,1481.5714,3019.8571
2021-12-15,3710,2042,5752,1818.0,1495.2857,3313.2857
2021-12-16,2670,1963,4633,2051.8571,1584.4286,3636.2857
2021-12-17,3049,2263,5312,2206.0,1578.5714,3784.5714
2021-12-18,1612,1589,3201,2307.7143,1586.2857,3894.0
2021-12-19,1959,1292,3251,2421.0,1576.7143,3997.7143
2021-12-20,1459,1171,2630,2543.0,1619.7143,4162.7143
2021-12-21,1529,1388,2917,2284.0,1672.5714,3956.5714
2021-12-22,2027,2197,4224,2043.5714,1694.7143,3738.2857
2021-12-23,1840,1551,3391,1925.0,1635.8571,3560.8571
2021-12-24,2414,1588,4002,1834.2857,1539.4286,3373.7143
2021-12-25,2150,1039,3189,1911.1429,1460.8571,3372.0
2021-12-26,2268,1521,3789,1955.2857,1493.5714,3448.8571
2021-12-27,1480,713,2193,1958.2857,1428.1429,3386.4286
2021-12-28,1835,1205,3040,2002.0,1402.0,3404.0
2021-12-29,2730,1516,4246,2102.4286,1304.7143,3407.1429
2021-12-30,1904,1155,3059,2111.5714,1248.1429,3359.7143
2021-12-31,2723,1395,4118,2155.7143,1220.5714,3376.2857
2022-01-01,1556,1582,3138,2070.8571,1298.1429,3369.0
2022-01-02,1659,1151,2810,1983.8571,1245.2857,3229.1429
2022-01-03,1614,857,2471,2003.0,1265.8571,3268.8571
2022-01-04,1926,967,2893,2016.0,1231.8571,3247.8571
2022-01-05,2790,1857,4647,2024.5714,1280.5714,3305.1429
2022-01-06,2649,1442,4091,2131.0,1321.5714,3452.5714
2022-01-07,3883,2241,6124,2296.7143,1442.4286,3739.1429
2022-01-08,3231,2062,5293,2536.0,1511.0,4047.0
2022-01-09,2787,1553,4340,2697.1429,1568.4286,4265.5714
2022-01-10,2741,1027,3768,2858.1429,1592.7143,4450.8571
2022-01-11,2065,1248,3313,2878.0,1632.8571,4510.8571
2022-01-12,2773,2097,4870,2875.5714,1667.1429,4542.7143
2022-01-13,2804,1470,4274,2897.7143,1671.1429,4568.8571
2022-01-14,3886,1975,5861,2898.1429,1633.1429,4531.2857
2022-01-15,3887,1951,5838,2991.8571,1617.2857,4609.1429
2022-01-16,2905,1612,4517,3008.7143,1625.7143,4634.4286
2022-01-17,1059,673,1732,2768.4286,1575.1429,4343.5714
2022-01-18,1075,1350,2425,2627.0,1589.7143,4216.7143
2022-01-19,1284,1876,3160,2414.2857,1558.1429,3972.4286
2022-01-20,1438,1390,2828,2219.1429,1546.7143,3765.8571
2022-01-21,1720,2001,3721,1909.7143,1550.4286,3460.1429
2022-01-22,1375,1518,2893,1550.8571,1488.5714,3039.4286
2022-01-23,1619,1498,3117,1367.1429,1472.2857,2839.4286
2022-01-24,946,555,1501,1351.0,1455.4286,2806.4286
2022-01-25,802,941,1743,1312.0,1397.0,2709.0
2022-01-26,1276,1633,2909,1310.8571,1362.2857,2673.1429
2022-01-27,848,1242,2090,1226.5714,1341.1429,2567.7143
2022-01-28,1559,1634,3193,1203.5714,1288.7143,2492.2857
2022-01-29,629,1024,1653,1097.0,1218.1429,2315.1429
2022-01-30,1107,795,1902,1023.8571,1117.7143,2141.5714
2022-01-31,459,270,729,954.2857,1077.0,2031.2857
2022-02-01,729,399,1128,943.8571,999.5714,1943.4286
2022-02-02,839,662,1501,881.4286,860.8571,1742.2857
2022-02-03,1055,1149,2204,911.0,847.5714,1758.5714
2022-02-04,1531,1641,3172,907.0,848.5714,1755.5714
2022-02-05,1233,2060,3293,993.2857,996.5714,1989.8571
2022-02-06,1700,2768,4468,1078.0,1278.4286,2356.4286
2022-02-07,1220,2443,3663,1186.7143,1588.8571,2775.5714
2022-02-08,1296,2625,3921,1267.7143,1906.8571,3174.5714
2022-02-09,1689,3783,5472,1389.1429,2352.7143,3741.8571
2022-02-10,1778,4155,5933,1492.4286,2782.1429,4274.5714
2022-02-11,2265,3389,5654,1597.2857,3031.8571,4629.1429
2022-02-12,1750,3165,4915,1671.1429,3189.7143,4860.8571
2022-02-13,2233,3714,5947,1747.2857,3324.8571,5072.1429
2022-02-14,1195,2664,3859,1743.7143,3356.4286,5100.1429
2022-02-15,707,2730,3437,1659.5714,3371.4286,5031.0
2022-02-16,1629,4192,5821,1651.0,3429.8571,5080.8571
2022-02-17,1056,2936,3992,1547.8571,3255.7143,4803.5714
2022-02-18,1528,3492,5020,1442.5714,3270.4286,4713.0
2022-02-19,918,2841,3759,1323.7143,3224.1429,4547.8571
2022-02-20,1233,2665,3898,1180.8571,3074.2857,4255.1429
2022-02-21,709,1983,2692,1111.4286,2977.0,4088.4286
2022-02-22,760,2202,2962,1119.0,2901.5714,4020.5714
2022-02-23,1342,3272,4614,1078.0,2770.1429,3848.1429
2022-02-24,1193,2427,3620,1097.5714,2697.4286,3795.0
2022-02-25,1526,2845,4371,1097.2857,2605.0,3702.2857
2022-02-26,1110,2562,3672,1124.7143,2565.1429,3689.8571
2022-02-27,1363,2032,3395,1143.2857,2474.7143,3618.0
2022-02-28,839,1878,2717,1161.8571,2459.7143,3621.5714
2022-03-01,734,2023,2757,1158.1429,2434.1429,3592.2857
2022-03-02,1079,2977,4056,1120.5714,2392.0,3512.5714
2022-03-03,942,2597,3539,1084.7143,2416.2857,3501.0
2022-03-04,1026,2626,3652,1013.2857,2385.0,3398.2857
2022-03-05,558,2557,3115,934.4286,2384.2857,3318.7143
2022-03-06,481,1714,2195,808.4286,2338.8571,3147.2857
2022-03-07,2088,1502,3590,986.8571,2285.1429,3272.0
2022-03-08,1800,1693,3493,1139.1429,2238.0,3377.1429
2022-03-09,2634,3019,5653,1361.2857,2244.0,3605.2857
2022-03-10,2090,2494,4584,1525.2857,2229.2857,3754.5714
2022-03-11,2204,2464,4668,1693.5714,2206.1429,3899.7143
2022-03-12,1800,2427,4227,1871.0,2187.5714,4058.5714
2022-03-13,1739,1773,3512,2050.7143,2196.0,4246.7143
2022-03-14,962,1279,2241,1889.8571,2164.1429,4054.0
2022-03-15,1403,2127,3530,1833.1429,2226.1429,4059.2857
2022-03-16,2105,2971,5076,1757.5714,2219.2857,3976.8571
2022-03-17,1751,1981,3732,1709.1429,2146.0,3855.1429
2022-03-18,2329,2515,4844,1727.0,2153.2857,3880.2857
2022-03-19,1835,1889,3724,1732.0,2076.4286,3808.4286
2022-03-20,2250,1559,3809,1805.0,2045.8571,3850.8571
2022-03-21,1181,1039,2220,1836.2857,2011.5714,3847.8571
2022-03-22,1286,1533,2819,1819.5714,1926.7143,3746.2857
2022-03-23,1776,2582,4358,1772.5714,1871.1429,3643.7143
2022-03-24,1522,2206,3728,1739.8571,1903.2857,3643.1429
2022-03-25,1936,2459,4395,1683.7143,1895.2857,3579.0
2022-03-26,1859,1963,3822,1687.1429,1905.8571,3593.0
2022-03-27,1829,1328,3157,1627.0,1872.8571,3499.8571
2022-03-28,1066,998,2064,1610.5714,1867.0,3477.5714
2022-03-29,1265,1684,2949,1607.5714,1888.5714,3496.1429
2022-03-30,1760,2885,4645,1605.2857,1931.8571,3537.1429
2022-03-31,2127,2314,4441,1691.7143,1947.2857,3639.0
2022-04-01,2622,3165,5787,1789.7143,2048.1429,3837.8571
2022-04-02,2260,2005,4265,1847.0,2054.1429,3901.1429
2022-04-03,1839,1547,3386,1848.4286,2085.4286,3933.8571
2022-04-04,842,893,1735,1816.4286,2070.4286,3886.8571
2022-04-05,1463,1211,2674,1844.7143,2002.8571,3847.5714
2022-04-06,2088,2558,4646,1891.5714,1956.1429,3847.7143
2022-04-07,2135,2368,4503,1892.7143,1963.8571,3856.5714
2022-04-08,2560,3052,5612,1883.8571,1947.7143,3831.5714
2022-04-09,1897,2222,4119,1832.0,1978.7143,3810.7143
2022-04-10,2516,1957,4473,1928.7143,2037.2857,3966.0
2022-04-11,1497,1341,2838,2022.2857,2101.2857,4123.5714
2022-04-12,1572,1931,3503,2037.8571,2204.1429,4242.0
2022-04-13,1991,3000,4991,2024.0,2267.2857,4291.2857
2022-04-14,1892,2002,3894,1989.2857,2215.0,4204.2857
2022-04-15,2722,3012,5734,2012.4286,2209.2857,4221.7143
2022-04-16,2364,2125,4489,2079.1429,2195.4286,4274.5714
2022-04-17,1899,1951,3850,1991.0,2194.5714,4185.5714
2022-04-18,1570,1288,2858,2001.4286,2187.0,4188.4286
2022-04-19,1693,1706,3399,2018.7143,2154.8571,4173.5714
2022-04-20,2351,3097,5448,2070.1429,2168.7143,4238.8571
2022-04-21,2415,2285,4700,2144.8571,2209.1429,4354.0
2022-04-22,2373,2263,4636,2095.0,2102.1429,4197.1429
2022-04-23,1532,1713,3245,1976.1429,2043.2857,4019.4286
2022-04-24,2021,1679,3700,1993.5714,2004.4286,3998.0
2022-04-25,1306,1063,2369,1955.8571,1972.2857,3928.1429
2022-04-26,1870,1761,3631,1981.1429,1980.1429,3961.2857
2022-04-27,1942,2997,4939,1922.7143,1965.8571,3888.5714
2022-04-28,2505,2222,4727,1935.5714,1956.8571,3892.4286
2022-04-29,2859,2613,5472,2005.0,2006.8571,4011.8571
2022-04-30,2161,2153,4314,2094.8571,2069.7143,4164.5714
2022-05-01,,,,,,
2022-05-02,,,,,,
2022-05-03,,,,,,
2022-05-04,,,,,,
2022-05-05,,,,,,
2022-05-06,,,,,,
2022-05-07,,,,,,
2022-05-08,,,,,,
2022-05-09,,,,,,
2022-05-10,,,,,,
2022-05-11,,,,,,
2022-05-12,,,,,,
2022-05-13,,,,,,
2022-05-14,,,,,,
2022-05-15,,,,,,
2022-05-16,,,,,,
2022-05-17,,,,,,
2022-05-18,,,,,,
2022-05-19,,,,,,
2022-05-20,,,,,,
2022-05-21,,,,,,
2022-05-22,,,,,,
2022-05-23,,,,,,
2022-05-24,,,,,,
2022-05-25,,,,,,
2022-05-26,,,,,,
2022-05-27,,,,,,
2022-05-28,,,,,,
2022-05-29,,,,,,
2022-05-30,,,,,,
2022-05-31,,,,,,
2022-06-01,,,,,,
2022-06-02,,,,,,
2022-06-03,,,,,,
2022-06-04,,,,,,
2022-06-05,,,,,,
2022-06-06,,,,,,
2022-06-07,,,,,,
2022-06-08,,,,,,
2022-06-09,,,,,,
2022-06-10,,,,,,
2022-06-11,,,,,,
2022-06-12,,,,,,
2022-06-13,,,,,,
2022-06-14,,,,,,
2022-06-15,,,,,,
2022-06-16,,,,,,
2022-06-17,,,,,,
2022-06-18,,,,,,
2022-06-19,,,,,,
2022-06-20,,,,,,
2022-06-21,,,,,,
2022-06-22,,,,,,
2022-06-23,,,,,,
2022-06-24,,,,,,
2022-06-25,,,,,,
2022-06-26,,,,,,
2022-06-27,,,,,,
2022-06-28,,,,,,
2022-06-29,,,,,,
2022-06-30,,,,,,
2022-07-01,,,,,,
2022-07-02,,,,,,
2022-07-03,,,,,,
2022-07-04,,,,,,
2022-07-05,,,,,,
2022-07-06,,,,,,
2022-07-07,,,,,,
2022-07-08,,,,,,
2022-07-09,,,,,,
2022-07-10,,,,,,
2022-07-11,,,,,,
2022-07-12,,,,,,
2022-07-13,,,,,,
2022-07-14,,,,,,
2022-07-15,,,,,,
2022-07-16,,,,,,
2022-07-17,,,,,,
2022-07-18,,,,,,
2022-07-19,,,,,,
2022-07-20,,,,,,
2022-07-21,,,,,,
2022-07-22,,,,,,
2022-07-23,,,,,,
2022-07-24,,,,,,
2022-07-25,,,,,,
2022-07-26,,,,,,
2022-07-27,,,,,,
2022-07-28,,,,,,
2022-07-29,,,,,,
2022-07-30,,,,,,
2022-07-31,,,,,,
2022-08-01,,,,,,
2022-08-02,,,,,,
2022-08-03,,,,,,
2022-08-04,,,,,,
2022-08-05,,,,,,
2022-08-06,,,,,,
2022-08-07,,,,,,
2022-08-08,,,,,,
2022-08-09,,,,,,
2022-08-10,,,,,,
2022-08-11,,,,,,
2022-08-12,,,,,,
2022-08-13,,,,,,
2022-08-14,,,,,,
2022-08-15,,,,,,
2022-08-16,,,,,,
2022-08-17,,,,,,
2022-08-18,,,,,,
2022-08-19,,,,,,
2022-08-20,,,,,,
2022-08-21,,,,,,
2022-08-22,,,,,,
2022-08-23,,,,,,
2022-08-24,,,,,,
2022-08-25,,,,,,
2022-08-26,,,,,,
2022-08-27,,,,,,
2022-08-28,,,,,,
2022-08-29,,,,,,
2022-08-30,,,,,,
2022-08-31,,,,,,
2022-09-01,,,,,,
2022-09-02,,,,,,
2022-09-03,,,,,,
2022-09-04,,,,,,
2022-09-05,,,,,,
2022-09-06,,,,,,
2022-09-07,,,,,,
2022-09-08,,,,,,
2022-09-09,,,,,,
2022-09-10,,,,,,
2022-09-11,,,,,,
2022-09-12,,,,,,
2022-09-13,,,,,,
2022-09-14,,,,,,
2022-09-15,,,,,,
2022-09-16,,,,,,
2022-09-17,,,,,,
2022-09-18,,,,,,
2022-09-19,,,,,,
2022-09-20,,,,,,
2022-09-21,,,,,,
2022-09-22,,,,,,
2022-09-23,,,,,,
2022-09-24,,,,,,
2022-09-25,,,,,,
2022-09-26,,,,,,
2022-09-27,,,,,,
2022-09-28,,,,,,
2022-09-29,,,,,,
2022-09-30,,,,,,
2022-10-01,,,,,,
2022-10-02,,,,,,
2022-10-03,,,,,,
2022-10-04,,,,,,
2022-10-05,,,,,,
2022-10-06,,,,,,
2022-10-07,,,,,,
2022-10-08,,,,,,
2022-10-09,,,,,,
2022-10-10,,,,,,
2022-10-11,,,,,,
2022-10-12,,,,,,
2022-10-13,,,,,,
2022-10-14,,,,,,
2022-10-15,,,,,,
2022-10-16,,,,,,
2022-10-17,,,,,,
2022-10-18,,,,,,
2022-10-19,,,,,,
2022-10-20,,,,,,
2022-10-21,,,,,,
2022-10-22,,,,,,
2022-10-23,,,,,,
2022-10-24,,,,,,
2022-10-25,,,,,,
2022-10-26,,,,,,
2022-10-27,,,,,,
2022-10-28,,,,,,
2022-10-29,,,,,,
2022-10-30,,,,,,
2022-10-31,,,,,,
2022-11-01,,,,,,
2022-11-02,,,,,,
2022-11-03,,,,,,
2022-11-04,,,,,,
