date,interpolated,total,AZ,Moderna,Medigen,Pfizer,Novavax
2021-03-01,1,0,0,0,0,0,0
2021-03-02,1,0,0,0,0,0,0
2021-03-03,1,0,0,0,0,0,0
2021-03-04,1,0,0,0,0,0,0
2021-03-05,1,0,0,0,0,0,0
2021-03-06,1,0,0,0,0,0,0
2021-03-07,1,0,0,0,0,0,0
2021-03-08,1,0,0,0,0,0,0
2021-03-09,1,0,0,0,0,0,0
2021-03-10,1,0,0,0,0,0,0
2021-03-11,1,0,0,0,0,0,0
2021-03-12,1,0,0,0,0,0,0
2021-03-13,1,0,0,0,0,0,0
2021-03-14,1,0,0,0,0,0,0
2021-03-15,1,0,0,0,0,0,0
2021-03-16,1,0,0,0,0,0,0
2021-03-17,1,0,0,0,0,0,0
2021-03-18,1,0,0,0,0,0,0
2021-03-19,1,0,0,0,0,0,0
2021-03-20,1,0,0,0,0,0,0
2021-03-21,0,0,0,0,0,0,0
2021-03-22,0,1578,1578,0,0,0,0
2021-03-23,0,3218,3218,0,0,0,0
2021-03-24,0,5169,5169,0,0,0,0
2021-03-25,0,7053,7053,0,0,0,0
2021-03-26,0,9232,9232,0,0,0,0
2021-03-27,0,9377,9377,0,0,0,0
2021-03-28,0,9412,9412,0,0,0,0
2021-03-29,0,10891,10891,0,0,0,0
2021-03-30,0,12648,12648,0,0,0,0
2021-03-31,0,14400,14400,0,0,0,0
2021-04-01,0,16450,16450,0,0,0,0
2021-04-02,0,17056,17056,0,0,0,0
2021-04-03,0,17078,17078,0,0,0,0
2021-04-04,0,17078,17078,0,0,0,0
2021-04-05,0,17245,17245,0,0,0,0
2021-04-06,0,18657,18657,0,0,0,0
2021-04-07,0,20075,20075,0,0,0,0
2021-04-08,0,21873,21873,0,0,0,0
2021-04-09,0,24450,24450,0,0,0,0
2021-04-10,0,24658,24658,0,0,0,0
2021-04-11,0,24701,24701,0,0,0,0
2021-04-12,0,25882,25882,0,0,0,0
2021-04-13,0,27113,27113,0,0,0,0
2021-04-14,0,28497,28497,0,0,0,0
2021-04-15,0,30039,30039,0,0,0,0
2021-04-16,0,32389,32389,0,0,0,0
2021-04-17,0,32450,32450,0,0,0,0
2021-04-18,1,33032,33032,0,0,0,0
2021-04-19,1,33614,33614,0,0,0,0
2021-04-20,0,34197,34197,0,0,0,0
2021-04-21,0,36731,36731,0,0,0,0
2021-04-22,0,39221,39221,0,0,0,0
2021-04-23,0,42523,42523,0,0,0,0
2021-04-24,0,42672,42672,0,0,0,0
2021-04-25,1,44029,44029,0,0,0,0
2021-04-26,0,45387,45387,0,0,0,0
2021-04-27,0,48180,48180,0,0,0,0
2021-04-28,0,50833,50833,0,0,0,0
2021-04-29,0,54189,54189,0,0,0,0
2021-04-30,0,57884,57884,0,0,0,0
2021-05-01,1,58068,58068,0,0,0,0
2021-05-02,0,58252,58252,0,0,0,0
2021-05-03,0,62437,62437,0,0,0,0
2021-05-04,0,67931,67931,0,0,0,0
2021-05-05,0,73988,73988,0,0,0,0
2021-05-06,0,80861,80861,0,0,0,0
2021-05-07,0,91002,91002,0,0,0,0
2021-05-08,1,91525,91525,0,0,0,0
2021-05-09,0,92049,92049,0,0,0,0
2021-05-10,1,102296,102296,0,0,0,0
2021-05-11,0,112543,112543,0,0,0,0
2021-05-12,0,129669,129669,0,0,0,0
2021-05-13,0,151997,151997,0,0,0,0
2021-05-14,0,186149,186149,0,0,0,0
2021-05-15,1,190413,190413,0,0,0,0
2021-05-16,0,194678,194678,0,0,0,0
2021-05-17,0,220352,220352,0,0,0,0
2021-05-18,0,245008,245008,0,0,0,0
2021-05-19,0,264589,264589,0,0,0,0
2021-05-20,0,281647,281647,0,0,0,0
2021-05-21,0,299844,299844,0,0,0,0
2021-05-22,1,301271,301271,0,0,0,0
2021-05-23,0,302698,302698,0,0,0,0
2021-05-24,0,311678,311678,0,0,0,0
2021-05-25,0,319665,319665,0,0,0,0
2021-05-26,1,349960,349960,0,0,0,0
2021-05-27,1,380256,380256,0,0,0,0
2021-05-28,1,410551,410551,0,0,0,0
2021-05-29,1,440847,440847,0,0,0,0
2021-05-30,1,471142,471142,0,0,0,0
2021-05-31,1,501438,501438,0,0,0,0
2021-06-01,1,531733,531733,0,0,0,0
2021-06-02,0,562029,562029,0,0,0,0
2021-06-03,0,624132,624132,0,0,0,0
2021-06-04,0,678418,678418,0,0,0,0
2021-06-05,1,688802,688802,0,0,0,0
2021-06-06,0,699187,699187,0,0,0,0
2021-06-07,0,724819,724819,0,0,0,0
2021-06-08,0,743578,743578,0,0,0,0
2021-06-09,0,759746,759746,0,0,0,0
2021-06-10,0,782300,767160,15140,0,0,0
2021-06-11,0,799129,774260,24869,0,0,0
2021-06-12,1,817794,790752,27042,0,0,0
2021-06-13,1,836459,807244,29215,0,0,0
2021-06-14,0,855125,823736,31389,0,0,0
2021-06-15,0,1009160,971655,37505,0,0,0
2021-06-16,0,1178104,1133515,44589,0,0,0
2021-06-17,0,1321839,1273121,48718,0,0,0
2021-06-18,0,1429514,1374956,54558,0,0,0
2021-06-19,1,1485623,1426679,58944,0,0,0
2021-06-20,0,1541732,1478402,63330,0,0,0
2021-06-21,0,1616384,1541941,74443,0,0,0
2021-06-22,0,1681936,1595589,86347,0,0,0
2021-06-23,0,1746130,1650166,95964,0,0,0
2021-06-24,0,1835225,1729057,106168,0,0,0
2021-06-25,0,1905474,1789224,116250,0,0,0
2021-06-26,1,1916223,1798702,117521,0,0,0
2021-06-27,0,1926973,1808180,118793,0,0,0
2021-06-28,0,1964592,1839324,125268,0,0,0
2021-06-29,0,2002677,1872246,130431,0,0,0
2021-06-30,0,2043218,1908861,134357,0,0,0
2021-07-01,0,2087587,1930298,157289,0,0,0
2021-07-02,0,2278338,1949113,329225,0,0,0
2021-07-03,1,2398599,1952337,446262,0,0,0
2021-07-04,0,2518860,1955561,563299,0,0,0
2021-07-05,0,2628789,1963999,664790,0,0,0
2021-07-06,0,2740540,1972073,768467,0,0,0
2021-07-07,0,2899997,1980112,919885,0,0,0
2021-07-08,0,3121081,1986497,1134584,0,0,0
2021-07-09,0,3357000,1996019,1360981,0,0,0
2021-07-10,1,3461420,1997445,1463974,0,0,0
2021-07-11,0,3565840,1998872,1566968,0,0,0
2021-07-12,0,3821539,2005079,1816460,0,0,0
2021-07-13,0,4084061,2012489,2071572,0,0,0
2021-07-14,0,4337272,2019986,2317286,0,0,0
2021-07-15,0,4603639,2026683,2576956,0,0,0
2021-07-16,0,4916652,2228981,2687671,0,0,0
2021-07-17,1,5055379,2348164,2707215,0,0,0
2021-07-18,0,5194107,2467348,2726759,0,0,0
2021-07-19,0,5419988,2655113,2764875,0,0,0
2021-07-20,0,5674553,2877587,2796966,0,0,0
2021-07-21,0,5894500,3068120,2826380,0,0,0
2021-07-22,0,6059596,3203146,2856450,0,0,0
2021-07-23,0,6347065,3468310,2878755,0,0,0
2021-07-24,1,6510597,3624157,2886439,0,0,0
2021-07-25,0,6674129,3780005,2894124,0,0,0
2021-07-26,0,7013130,4101387,2911743,0,0,0
2021-07-27,0,7318286,4387148,2931138,0,0,0
2021-07-28,0,7588692,4633996,2954696,0,0,0
2021-07-29,0,7826972,4852884,2974088,0,0,0
2021-07-30,0,8088871,5093665,2995206,0,0,0
2021-07-31,1,8179542,5181415,2998127,0,0,0
2021-08-01,0,8270213,5269165,3001048,0,0,0
2021-08-02,0,8405085,5391638,3013447,0,0,0
2021-08-03,0,8501137,5474042,3027095,0,0,0
2021-08-04,0,8607387,5568768,3038619,0,0,0
2021-08-05,0,8875048,5824943,3050105,0,0,0
2021-08-06,0,9154501,6094397,3060104,0,0,0
2021-08-07,1,9167399,6105614,3061785,0,0,0
2021-08-08,0,9180297,6116831,3063466,0,0,0
2021-08-09,0,9228263,6158300,3069963,0,0,0
2021-08-10,0,9265758,6190634,3075124,0,0,0
2021-08-11,0,9433236,6209707,3223529,0,0,0
2021-08-12,0,9602785,6228188,3374597,0,0,0
2021-08-13,0,9749241,6274195,3475046,0,0,0
2021-08-14,1,9787039,6278928,3508110,0,0,0
2021-08-15,0,9824837,6283662,3541175,0,0,0
2021-08-16,0,9887295,6307256,3580039,0,0,0
2021-08-17,0,9951034,6332070,3618964,0,0,0
2021-08-18,0,9985997,6353743,3632254,0,0,0
2021-08-19,0,10014566,6372240,3642326,0,0,0
2021-08-20,0,10057641,6400065,3657576,0,0,0
2021-08-21,1,10062701,6403967,3658734,0,0,0
2021-08-22,0,10067762,6407870,3659892,0,0,0
2021-08-23,0,10246977,6415089,3664620,167268,0,0
2021-08-24,0,10404722,6440517,3677248,286957,0,0
2021-08-25,0,10497159,6459692,3685985,351482,0,0
2021-08-26,0,10586017,6484093,3698934,402990,0,0
2021-08-27,0,10779334,6516431,3711971,550932,0,0
2021-08-28,1,10832749,6523446,3713506,595797,0,0
2021-08-29,0,10886165,6530462,3715041,640662,0,0
2021-08-30,0,10928720,6556653,3723389,648678,0,0
2021-08-31,0,10958966,6575708,3732428,650830,0,0
2021-09-01,0,10982471,6589379,3741157,651935,0,0
2021-09-02,0,11004240,6600608,3750675,652957,0,0
2021-09-03,0,11243600,6831233,3758083,654284,0,0
2021-09-04,1,11312284,6894191,3760047,658045,0,0
2021-09-05,0,11380968,6957150,3762012,661806,0,0
2021-09-06,0,11456359,7014794,3764390,677175,0,0
2021-09-07,0,11548606,7097162,3766417,685027,0,0
2021-09-08,0,11660683,7197802,3769399,693482,0,0
2021-09-09,0,11961678,7489321,3771914,700443,0,0
2021-09-10,0,12301555,7814049,3778191,709315,0,0
2021-09-11,1,12382373,7890526,3779050,712797,0,0
2021-09-12,0,12463192,7967003,3779909,716280,0,0
2021-09-13,0,12488096,7983293,3786612,718191,0,0
2021-09-14,0,12504662,7991608,3793887,719167,0,0
2021-09-15,0,12708428,8191399,3797017,720012,0,0
2021-09-16,0,12938098,8416593,3801017,720488,0,0
2021-09-17,0,13171843,8645650,3805277,720916,0,0
2021-09-18,1,13230221,8703219,3805770,721232,0,0
2021-09-19,1,13288600,8760789,3806263,721548,0,0
2021-09-20,1,13346978,8818358,3806756,721864,0,0
2021-09-21,0,13405357,8875928,3807249,722180,0,0
2021-09-22,0,13589767,9026048,3831689,723208,8822,0
2021-09-23,0,13856466,9159837,3873320,723809,99500,0
2021-09-24,0,14142461,9207866,3958749,724534,251312,0
2021-09-25,1,14286268,9225949,3986150,724700,349469,0
2021-09-26,0,14430076,9244033,4013551,724866,447626,0
2021-09-27,0,14763330,9262713,4045245,738132,717240,0
2021-09-28,0,15091281,9285582,4080377,751954,973368,0
2021-09-29,0,15441421,9307266,4149262,764343,1220550,0
2021-09-30,0,15880889,9327099,4218430,942845,1392515,0
2021-10-01,0,16277198,9338594,4273358,1097121,1568125,0
2021-10-02,1,16418078,9343399,4324424,1158163,1592092,0
2021-10-03,0,16558959,9348205,4375490,1219205,1616059,0
2021-10-04,0,16820590,9365612,4562795,1234919,1657264,0
2021-10-05,0,17021317,9384599,4690917,1241455,1704346,0
2021-10-06,0,17218445,9454654,4777420,1250844,1735527,0
2021-10-07,0,17541591,9679229,4827495,1262609,1772258,0
2021-10-08,0,17887465,9941380,4867954,1274105,1804026,0
2021-10-09,1,18005262,10020760,4888298,1281014,1815188,0
2021-10-10,1,18123059,10100141,4908642,1287923,1826351,0
2021-10-11,0,18240856,10179522,4928987,1294833,1837514,0
2021-10-12,0,18497356,10344651,4953073,1334187,1865445,0
2021-10-13,0,18766730,10396154,4985799,1342143,2042634,0
2021-10-14,0,19026022,10418032,5052119,1345784,2210087,0
2021-10-15,0,19435019,10531280,5107669,1349750,2446320,0
2021-10-16,1,19630351,10583265,5140143,1350695,2556247,0
2021-10-17,0,19825683,10635251,5172618,1351640,2666174,0
2021-10-18,0,20204959,10739758,5192434,1354554,2918213,0
2021-10-19,0,20541421,10884262,5201412,1357099,3098648,0
2021-10-20,0,20920995,11090191,5212646,1359371,3258787,0
2021-10-21,0,21264787,11301113,5225023,1362524,3376127,0
2021-10-22,0,21717020,11391611,5387150,1365689,3572570,0
2021-10-23,1,22000145,11464673,5443014,1366439,3726018,0
2021-10-24,0,22283271,11537736,5498879,1367189,3879467,0
2021-10-25,0,22783694,11675100,5625943,1369639,4113012,0
2021-10-26,0,23217629,11811679,5750635,1371996,4283319,0
2021-10-27,0,23637150,12007173,5854483,1374318,4401176,0
2021-10-28,0,24048734,12100866,5919909,1382354,4645605,0
2021-10-29,0,24481074,12183227,5976884,1385616,4935347,0
2021-10-30,1,24675612,12216833,6006673,1386685,5065420,0
2021-10-31,0,24870150,12250440,6036462,1387755,5195493,0
2021-11-01,0,25182013,12387143,6141805,1390611,5262454,0
2021-11-02,0,25486269,12568377,6222339,1393611,5301942,0
2021-11-03,0,25778064,12750319,6282574,1395775,5349396,0
2021-11-04,0,25851240,12778777,6317319,1392605,5362539,0
2021-11-05,0,26080250,12856565,6349312,1395783,5478590,0
2021-11-06,1,26181085,12899362,6358568,1399547,5523608,0
2021-11-07,0,26281921,12942159,6367824,1403311,5568627,0
2021-11-08,0,26542566,13073168,6375658,1405518,5688222,0
2021-11-09,0,26768810,13170738,6394902,1407507,5795663,0
2021-11-10,0,27004426,13266874,6411445,1410102,5916005,0
2021-11-11,0,27210265,13350553,6428319,1412242,6019151,0
2021-11-12,0,27479599,13455726,6447586,1414816,6161471,0
2021-11-13,1,27584539,13483721,6503952,1415591,6181274,0
2021-11-14,0,27689479,13511716,6560319,1416366,6201078,0
2021-11-15,0,27927621,13582769,6665087,1418100,6261665,0
2021-11-16,0,28161546,13666214,6749900,1419736,6325696,0
2021-11-17,0,28403884,13779721,6804387,1421312,6398464,0
2021-11-18,1,28695420,13946172,6846548,1422813,6479886,0
2021-11-19,0,28986957,14112623,6888710,1424315,6561309,0
2021-11-20,1,29105128,14174009,6921449,1424774,6584894,0
2021-11-21,0,29223299,14235396,6954189,1425234,6608480,0
2021-11-22,0,29515207,14385425,7025679,1426907,6677196,0
2021-11-23,0,29749086,14489676,7087425,1428143,6743842,0
2021-11-24,0,29932419,14538435,7149446,1429750,6814788,0
2021-11-25,0,30254219,14575704,7170461,1431341,7076713,0
2021-11-26,0,30648405,14609794,7194586,1432935,7411090,0
2021-11-27,1,30806819,14627699,7202446,1433708,7542966,0
2021-11-28,0,30965234,14645605,7210306,1434481,7674842,0
2021-11-29,0,31255998,14725287,7229236,1435924,7865551,0
2021-11-30,0,31546833,14770294,7258804,1437699,8080036,0
2021-12-01,0,31810156,14813836,7283274,1439399,8273647,0
2021-12-02,0,31998733,14838075,7298908,1440896,8420854,0
2021-12-03,0,32275289,14863553,7316104,1440973,8654659,0
2021-12-04,1,32375942,14870939,7325960,1441626,8737416,0
2021-12-05,0,32476595,14878325,7335816,1442280,8820174,0
2021-12-06,0,32689219,14896252,7355062,1444094,8993811,0
2021-12-07,0,32898401,14907479,7379065,1446437,9165420,0
2021-12-08,0,33088264,14921888,7398539,1449105,9318732,0
2021-12-09,0,33222844,14933319,7419074,1451937,9418514,0
2021-12-10,0,33403628,14953560,7440498,1454483,9555087,0
2021-12-11,1,33465560,14962104,7449770,1455342,9598343,0
2021-12-12,0,33527492,14970649,7459043,1456201,9641599,0
2021-12-13,0,33640770,14981760,7476022,1458647,9724341,0
2021-12-14,0,33717833,14990555,7489757,1461569,9775952,0
2021-12-15,0,33793218,14996957,7504712,1463524,9828025,0
2021-12-16,0,33861887,14999443,7523707,1465244,9873493,0
2021-12-17,0,33967690,15002360,7547643,1467213,9950474,0
2021-12-18,1,33999660,15003037,7554133,1467835,9974655,0
2021-12-19,0,34031631,15003714,7560623,1468457,9998837,0
2021-12-20,0,34097679,15005154,7577008,1469959,10045558,0
2021-12-21,0,34162798,15006304,7588209,1471190,10097095,0
2021-12-22,0,34231426,15007844,7599675,1472312,10151595,0
2021-12-23,0,34290105,15009058,7616061,1473239,10191747,0
2021-12-24,0,34418092,15010712,7636394,1474728,10296258,0
2021-12-25,1,34434392,15011381,7642070,1475200,10305740,0
2021-12-26,0,34450693,15012051,7647747,1475673,10315222,0
2021-12-27,0,34517952,15014199,7661884,1477166,10364703,0
2021-12-28,0,34610725,15016643,7680197,1478478,10435407,0
2021-12-29,0,34744719,15018572,7701163,1480081,10544903,0
2021-12-30,0,34975846,15021067,7729228,1481590,10743961,0
2021-12-31,0,35030842,15022899,7742690,1482269,10782984,0
2022-01-01,1,35041352,15023297,7746142,1482452,10789460,0
2022-01-02,0,35051863,15023696,7749595,1482636,10795936,0
2022-01-03,0,35105560,15025848,7760030,1483657,10836025,0
2022-01-04,0,35174003,15028778,7778350,1484947,10881928,0
2022-01-05,0,35249894,15031652,7797734,1486451,10934057,0
2022-01-06,0,35364353,15035610,7830294,1488180,11010269,0
2022-01-07,0,35581230,15039980,7891800,1491037,11158413,0
2022-01-08,1,35743201,15044093,7989247,1496726,11213133,0
2022-01-09,1,35905172,15048207,8086694,1502416,11267854,0
2022-01-10,1,36067144,15052320,8184142,1508105,11322575,0
2022-01-11,1,36229115,15056434,8281589,1513795,11377296,0
2022-01-12,0,36391087,15060548,8379037,1519485,11432017,0
2022-01-13,0,36723505,15066856,8620396,1529152,11507101,0
2022-01-14,0,37131252,15071554,8908226,1537530,11613942,0
2022-01-15,1,37300004,15073744,9032809,1542028,11651422,0
2022-01-16,0,37468756,15075934,9157393,1546527,11688902,0
2022-01-17,0,37917556,15082106,9474044,1558407,11802999,0
2022-01-18,0,38359182,15086930,9806773,1570315,11895164,0
2022-01-19,0,38825635,15091986,10173015,1587033,11973601,0
2022-01-20,0,39296381,15097791,10504910,1601551,12092129,0
2022-01-21,0,39795263,15102065,10892115,1616904,12184179,0
2022-01-22,1,40002239,15104242,11044963,1624954,12228078,0
2022-01-23,0,40209215,15106420,11197812,1633005,12271978,0
2022-01-24,0,40597586,15113370,11372999,1659426,12451791,0
2022-01-25,0,40955834,15121011,11517726,1681543,12635554,0
2022-01-26,0,41313585,15126969,11654724,1713921,12817971,0
2022-01-27,0,41659662,15131877,11826966,1739552,12961267,0
2022-01-28,0,41984449,15135686,11992049,1759199,13097515,0
2022-01-29,1,42019974,15136170,12007410,1761822,13114571,0
2022-01-30,1,42055499,15136654,12022771,1764445,13131628,0
2022-01-31,1,42091025,15137139,12038132,1767068,13148685,0
2022-02-01,1,42126550,15137623,12053493,1769691,13165742,0
2022-02-02,1,42162075,15138107,12068854,1772314,13182798,0
2022-02-03,1,42197601,15138592,12084215,1774937,13199855,0
2022-02-04,1,42233126,15139076,12099576,1777560,13216912,0
2022-02-05,1,42268651,15139560,12114937,1780183,13233969,0
2022-02-06,0,42304177,15140045,12130299,1782807,13251026,0
2022-02-07,0,42494576,15143686,12168235,1810712,13371943,0
2022-02-08,0,42711112,15147148,12211981,1830579,13521404,0
2022-02-09,0,42972945,15150564,12328636,1853353,13640392,0
2022-02-10,0,43301507,15153763,12541077,1871974,13734693,0
2022-02-11,0,43675231,15156603,12827306,1886239,13805083,0
2022-02-12,1,43812334,15157962,12930415,1891942,13832015,0
2022-02-13,0,43949438,15159321,13033524,1897646,13858947,0
2022-02-14,0,44240634,15164548,13198503,1922327,13955256,0
2022-02-15,0,44535618,15168558,13363434,1937993,14065633,0
2022-02-16,0,44870859,15171773,13574999,1956463,14167624,0
2022-02-17,0,45187411,15174925,13794583,1968658,14249245,0
2022-02-18,0,45519126,15178501,13998693,1978709,14363223,0
2022-02-19,1,45646865,15179684,14076618,1982884,14407677,0
2022-02-20,0,45774604,15180868,14154544,1987060,14452132,0
2022-02-21,0,45969148,15184309,14228585,1997646,14558608,0
2022-02-22,0,46146010,15186463,14280796,2007343,14671408,0
2022-02-23,0,46309072,15188628,14344426,2019868,14756150,0
2022-02-24,0,46498444,15191483,14454071,2028755,14824135,0
2022-02-25,0,46814037,15193472,14688820,2036616,14895129,0
2022-02-26,1,46925548,15194167,14767672,2040425,14923283,0
2022-02-27,1,47037059,15194862,14846524,2044234,14951438,0
2022-02-28,0,47148570,15195557,14925377,2048043,14979593,0
2022-03-01,0,47328210,15197100,15026602,2054344,15050164,0
2022-03-02,0,47473704,15198472,15124549,2062217,15088466,0
2022-03-03,0,47610594,15200387,15219759,2068468,15121980,0
2022-03-04,0,47794860,15201798,15353354,2073883,15165825,0
2022-03-05,1,47871939,15202271,15397785,2076382,15195501,0
2022-03-06,0,47949019,15202745,15442216,2078881,15225177,0
2022-03-07,0,48068834,15204274,15503200,2083167,15278193,0
2022-03-08,0,48167394,15205368,15553270,2087734,15321022,0
2022-03-09,0,48256933,15206550,15610397,2094351,15345635,0
2022-03-10,0,48350253,15207697,15676144,2098896,15367516,0
2022-03-11,0,48470509,15209117,15764320,2103192,15393880,0
2022-03-12,1,48518108,15209487,15797551,2105310,15405760,0
2022-03-13,0,48565707,15209857,15830782,2107428,15417640,0
2022-03-14,0,48650083,15210767,15880673,2112935,15445708,0
2022-03-15,0,48721653,15211594,15923838,2116611,15469610,0
2022-03-16,0,48781646,15212561,15956724,2120789,15491572,0
2022-03-17,0,48861874,15213366,16006184,2124389,15517935,0
2022-03-18,0,48954969,15214457,16058478,2127557,15554477,0
2022-03-19,1,48990038,15214786,16076890,2129223,15569138,0
2022-03-20,0,49025107,15215115,16095302,2130890,15583800,0
2022-03-21,0,49105829,15215695,16139877,2133623,15616634,0
2022-03-22,0,49167713,15216223,16175218,2135747,15640525,0
2022-03-23,0,49222626,15216997,16202615,2138321,15664693,0
2022-03-24,0,49257341,15218021,16229844,2143769,15665707,0
2022-03-25,0,49310076,15219136,16276198,2148217,15666525,0
2022-03-26,1,49330819,15219434,16294623,2150180,15666581,0
2022-03-27,0,49351562,15219732,16313049,2152144,15666637,0
2022-03-28,0,49414823,15221130,16368756,2157396,15667541,0
2022-03-29,0,49481298,15222424,16428055,2163202,15667617,0
2022-03-30,0,49542475,15224314,16480388,2170248,15667525,0
2022-03-31,0,49607595,15226060,16535275,2178603,15667657,0
2022-04-01,0,49707619,15226487,16627237,2186007,15667888,0
2022-04-02,1,49745930,15226750,16662694,2188564,15667921,0
2022-04-03,1,49784242,15227013,16698152,2191121,15667955,0
2022-04-04,1,49822553,15227276,16733610,2193678,15667988,0
2022-04-05,0,49860865,15227539,16769068,2196236,15668022,0
2022-04-06,0,49946136,15228966,16843895,2205189,15668086,0
2022-04-07,0,50037760,15230766,16924903,2214211,15667880,0
2022-04-08,0,50168924,15231911,17043786,2224501,15668726,0
2022-04-09,1,50227842,15232371,17096761,2229616,15669094,0
2022-04-10,0,50286760,15232831,17149736,2234731,15669462,0
2022-04-11,0,50390458,15234026,17241311,2245639,15669482,0
2022-04-12,0,50484317,15235390,17324918,2254497,15669512,0
2022-04-13,0,50583977,15236717,17411047,2266438,15669775,0
2022-04-14,0,50693438,15238528,17505429,2279120,15670361,0
2022-04-15,0,50858358,15240342,17654160,2292806,15671050,0
2022-04-16,1,50961146,15240924,17750264,2298605,15671351,0
2022-04-17,0,51063934,15241507,17846369,2304405,15671653,0
2022-04-18,0,51208459,15243257,17973525,2319801,15671876,0
2022-04-19,0,51324101,15245085,18074312,2332279,15672425,0
2022-04-20,0,51448391,15246977,18178725,2349701,15672988,0
2022-04-21,0,51590308,15249507,18294672,2373017,15673112,0
2022-04-22,0,51757881,15252093,18437818,2394693,15673277,0
2022-04-23,1,51821301,15253055,18488882,2406087,15673277,0
2022-04-24,0,51884722,15254017,18539947,2417481,15673277,0
2022-04-25,0,52007981,15255855,18633830,2443129,15675167,0
2022-04-26,0,52104727,15258053,18705570,2465723,15675381,0
2022-04-27,0,52207186,15260565,18776600,2494929,15675092,0
2022-04-28,0,52309491,15263212,18852541,2518496,15675242,0
2022-04-29,0,52430493,15265548,18950218,2539308,15675419,0
2022-04-30,1,52476835,15266790,18986941,2547853,15675251,0
2022-05-01,0,52523178,15268033,19023664,2556398,15675083,0
2022-05-02,0,52597022,15269806,19079747,2572305,15675164,0
2022-05-03,0,52675933,15271592,19142793,2586405,15675143,0
2022-05-04,0,52804298,15273289,19255156,2600566,15675287,0
2022-05-05,0,52904519,15274605,19340825,2613759,15675330,0
2022-05-06,0,53031302,15275784,19455125,2625254,15675139,0
2022-05-07,1,53081732,15276606,19499294,2630559,15675272,0
2022-05-08,0,53132163,15277428,19543464,2635865,15675406,0
2022-05-09,0,53210223,15278474,19611116,2645407,15675226,0
2022-05-10,0,53284732,15279653,19676390,2653402,15675287,0
2022-05-11,0,53364771,15280772,19747122,2661745,15675132,0
2022-05-12,0,53444577,15281719,19817718,2669905,15675235,0
2022-05-13,0,53571370,15282459,19935811,2677924,15675176,0
2022-05-14,1,53615920,15282774,19976496,2681469,15675181,0
2022-05-15,0,53660470,15283089,20017181,2685014,15675186,0
2022-05-16,0,53736131,15284046,20084149,2692632,15675304,0
2022-05-17,0,53814583,15284827,20155002,2699513,15675241,0
2022-05-18,0,53892813,15285535,20223426,2708571,15675281,0
2022-05-19,0,53973940,15286173,20294741,2717692,15675334,0
2022-05-20,0,54083554,15286701,20395300,2725569,15675984,0
2022-05-21,1,54127243,15286979,20428509,2729887,15681867,0
2022-05-22,0,54170932,15287258,20461719,2734205,15687750,0
2022-05-23,0,54238724,15287738,20508284,2741832,15700870,0
2022-05-24,0,54300283,15288225,20547175,2747471,15717412,0
2022-05-25,0,54393040,15288837,20582941,2753789,15767473,0
2022-05-26,0,54518176,15289222,20614282,2760783,15853889,0
2022-05-27,0,54667393,15289554,20654868,2768480,15954491,0
2022-05-28,1,54742603,15289694,20667825,2770513,16014570,0
2022-05-29,0,54817813,15289835,20680782,2772547,16074649,0
2022-05-30,0,54934541,15290121,20704800,2778398,16161222,0
2022-05-31,0,55072565,15290467,20725492,2782781,16273825,0
2022-06-01,0,55233124,15290637,20743562,2787367,16411558,0
2022-06-02,0,55454029,15290774,20764550,2792824,16605881,0
2022-06-03,0,55533585,15290804,20774691,2794466,16673624,0
2022-06-04,1,55570939,15290859,20781514,2796163,16702402,0
2022-06-05,0,55608294,15290914,20788338,2797861,16731181,0
2022-06-06,0,55724988,15291039,20807233,2802358,16824358,0
2022-06-07,0,55829045,15291167,20819781,2805555,16912542,0
2022-06-08,0,55939794,15291266,20830091,2809542,17008895,0
2022-06-09,0,56053322,15291453,20841623,2813795,17106451,0
2022-06-10,0,56217878,15291579,20858508,2820215,17247576,0
2022-06-11,1,56245643,15291619,20865056,2821130,17267837,0
2022-06-12,0,56273409,15291660,20871604,2822046,17288099,0
2022-06-13,0,56346834,15291879,20898842,2826223,17329890,0
2022-06-14,0,56417613,15292052,20924433,2829664,17371464,0
2022-06-15,0,56501765,15292210,20956151,2834074,17419330,0
2022-06-16,0,56596591,15292338,20990589,2837928,17475736,0
2022-06-17,0,56748727,15292502,21053606,2844242,17558377,0
2022-06-18,1,56790416,15292572,21081991,2845049,17570804,0
2022-06-19,0,56832106,15292642,21110376,2845856,17583232,0
2022-06-20,0,56936435,15292845,21181708,2850281,17611601,0
2022-06-21,0,57034108,15293201,21250646,2854275,17635986,0
2022-06-22,0,57192072,15293326,21370991,2858884,17668871,0
2022-06-23,0,57339563,15293499,21485709,2863576,17696779,0
2022-06-24,0,57464849,15293633,21564346,2868465,17738405,0
2022-06-25,1,57509504,15293675,21592356,2870340,17753132,0
2022-06-26,0,57554160,15293718,21620366,2872216,17767860,0
2022-06-27,0,57652381,15293830,21690444,2877174,17790933,0
2022-06-28,0,57744693,15294003,21746361,2881043,17823286,0
2022-06-29,0,57857021,15294099,21805626,2885151,17872145,0
2022-06-30,0,57970591,15294226,21860972,2888595,17926798,0
2022-07-01,0,58075099,15294362,21907185,2893400,17980152,0
2022-07-02,1,58106920,15294399,21921472,2893414,17997634,0
2022-07-03,0,58138741,15294436,21935760,2893429,18015116,0
2022-07-04,0,58215158,15294499,21968361,2895711,18056587,0
2022-07-05,0,58303126,15294624,22011397,2897922,18099183,0
2022-07-06,0,58386712,15294802,22046966,2900840,18144104,0
2022-07-07,0,58463820,15294895,22080888,2903217,18184820,0
2022-07-08,0,58558531,15294951,22124748,2905841,18231039,1952
2022-07-09,1,58584160,15294986,22134656,2906971,18241772,5773
2022-07-10,0,58609789,15295022,22144565,2908102,18252505,9595
2022-07-11,0,58656119,15295099,22165651,2910319,18264476,20574
2022-07-12,0,58700816,15295177,22188433,2912167,18276502,28537
2022-07-13,0,58742452,15295236,22207746,2914070,18286274,39126
2022-07-14,0,58782349,15295328,22224124,2915893,18296393,50611
2022-07-15,0,58838093,15295345,22249437,2919764,18308312,65235
2022-07-16,1,58852929,15295368,22254950,2919469,18315001,68140
2022-07-17,0,58867766,15295392,22260463,2919175,18321691,71045
2022-07-18,0,58903473,15295507,22281584,2921015,18328518,76849
2022-07-19,0,58938763,15295591,22301793,2922748,18336770,81861
2022-07-20,0,58972465,15295666,22317938,2924573,18345904,88384
2022-07-21,0,59017423,15295785,22345982,2927018,18353734,94904
2022-07-22,0,59128572,15295826,22423159,2932577,18365080,111930
2022-07-23,1,59172694,15295842,22456231,2932944,18371423,116253
2022-07-24,0,59216817,15295859,22489304,2933311,18377766,120577
2022-07-25,0,59290207,15295927,22543719,2937025,18384264,129272
2022-07-26,0,59366623,15295982,22597540,2940236,18393001,139864
2022-07-27,0,59438027,15296076,22641101,2943948,18401476,155426
2022-07-28,0,59517454,15296201,22693205,2948041,18409291,170716
2022-07-29,0,59600890,15296249,22744910,2950777,18419889,189065
2022-07-30,1,59627900,15296280,22760247,2951937,18426757,192678
2022-07-31,0,59654910,15296312,22775584,2953097,18433625,196292
2022-08-01,0,59694260,15296351,22802834,2955303,18438677,201095
2022-08-02,0,59731970,15296385,22826079,2957122,18446167,206217
2022-08-03,0,59766737,15296410,22844341,2958881,18454479,212626
2022-08-04,0,59800720,15296502,22860451,2960955,18461770,221042
2022-08-05,0,59848300,15296535,22887571,2963332,18471338,229524
2022-08-06,1,59865450,15296540,22896262,2964247,18477010,231390
2022-08-07,0,59882600,15296545,22904953,2965162,18482683,233257
2022-08-08,0,59909475,15296569,22922121,2967109,18486819,236857
2022-08-09,0,59938508,15296602,22939445,2968679,18492856,240926
2022-08-10,0,59969420,15296609,22955935,2970245,18500054,246577
2022-08-11,0,60005237,15296678,22976682,2972281,18505868,253728
2022-08-12,0,60049113,15296699,23003736,2974288,18513916,260474
2022-08-13,1,60069836,15296705,23014859,2975182,18521121,261967
2022-08-14,0,60090559,15296712,23025982,2976077,18528327,263461
2022-08-15,0,60122960,15296728,23045492,2978020,18535532,267188
2022-08-16,0,60159311,15296782,23065650,2979906,18544957,272016
2022-08-17,0,60196686,15296857,23084746,2982227,18554964,277892
2022-08-18,0,60234519,15296902,23103777,2984391,18564230,285219
2022-08-19,0,60288583,15296940,23131753,2986335,18578326,295229
2022-08-20,1,60311358,15296952,23142896,2987286,18586953,297269
2022-08-21,0,60334133,15296965,23154039,2988238,18595581,299310
2022-08-22,0,60370291,15296998,23176601,2990238,18602834,303620
2022-08-23,0,60411038,15297014,23198810,2991990,18614229,308995
2022-08-24,0,60453202,15297047,23219287,2994031,18627181,315656
2022-08-25,0,60495075,15297093,23237739,2996208,18639296,324739
2022-08-26,0,60551060,15297141,23263771,2998073,18656578,335497
2022-08-27,1,60590254,15297154,23281833,2998784,18674670,337812
2022-08-28,0,60629448,15297168,23299895,2999495,18692762,340128
2022-08-29,0,60669785,15297210,23319467,3001503,18707724,343881
2022-08-30,0,60714144,15297235,23338815,3003254,18726626,348214
2022-08-31,0,60757657,15297261,23358936,3005247,18742595,353618
2022-09-01,0,60797230,15297265,23377596,3007230,18754747,360392
2022-09-02,0,60849679,15297269,23401371,3009088,18774524,367427
2022-09-03,1,60875960,15297268,23411770,3009855,18788242,368824
2022-09-04,0,60902242,15297267,23422170,3010622,18801961,370222
2022-09-05,0,60941005,15297269,23445596,3012706,18812537,372897
2022-09-06,1,60984336,15297267,23464733,3014601,18831139,376594
2022-09-07,0,61027668,15297266,23483871,3016497,18849742,380292
2022-09-08,0,61091336,15297267,23513609,3018619,18874178,387663
2022-09-09,0,61125704,15297268,23528499,3019662,18889937,390338
2022-09-10,1,61133959,15297267,23531935,3020088,18893867,390801
2022-09-11,0,61142215,15297267,23535371,3020515,18897798,391264
2022-09-12,0,61171988,15297271,23551575,3022163,18908775,392204
2022-09-13,0,61203890,15297274,23568696,3023659,18921097,393164
2022-09-14,0,61238283,15297279,23585232,3025848,18935312,394612
2022-09-15,0,61267705,15297279,23600945,3027542,18946049,395890
2022-09-16,0,61321837,15297283,23624339,3031619,18970721,397875
2022-09-17,1,61339863,15297284,23631757,3032489,18979947,398386
2022-09-18,0,61357890,15297285,23639175,3033359,18989173,398898
2022-09-19,0,61384128,15297283,23654661,3033025,18999036,400123
2022-09-20,0,61419479,15297283,23670426,3034549,19015764,401457
2022-09-21,0,61448862,15297287,23684645,3036067,19028154,402709
2022-09-22,0,61481295,15297290,23699368,3037662,19042390,404585
2022-09-23,0,61531001,15297293,23719158,3039006,19069256,406288
2022-09-24,0,61565192,15297296,23732541,3040340,19087855,407160
2022-09-25,1,61575689,15297298,23737815,3040950,19092058,407567
2022-09-26,0,61586186,15297300,23743090,3041560,19096261,407975
2022-09-27,0,61611013,15297307,23754692,3042699,19106634,409681
2022-09-28,0,61639297,15297316,23765443,3043903,19121591,411044
2022-09-29,0,61664867,15297325,23775905,3044852,19134875,411910
2022-09-30,0,61703429,15297325,23790607,3048088,19154461,412948
2022-10-01,0,61723452,15297325,23799146,3046676,19166732,413573
2022-10-02,1,61730923,15297327,23802416,3047043,19169014,415122
2022-10-03,0,61738394,15297329,23805686,3047410,19171297,416672
2022-10-04,0,61754652,15297312,23812621,3048137,19178256,418326
2022-10-05,0,61772232,15297320,23818237,3048858,19187507,420310
2022-10-06,0,61788103,15297326,23824547,3049925,19193931,422374
2022-10-07,0,61811056,15297326,23831010,3052866,19204997,424857
2022-10-08,0,61840070,15297333,23841818,3051704,19221499,427716
2022-10-09,1,61844696,15297337,23843385,3052657,19223148,428168
2022-10-10,1,61849322,15297341,23844952,3053610,19224797,428621
2022-10-11,0,61853949,15297346,23846519,3054564,19226446,429074
2022-10-12,0,61866501,15297334,23850776,3055287,19232508,430596
2022-10-13,0,61879111,15297375,23854947,3056110,19238193,432486
2022-10-14,0,61897307,15297384,23859859,3056724,19246839,436501
2022-10-15,0,61918054,15297384,23866147,3057388,19258917,438218
2022-10-16,1,61922462,15297385,23867943,3057672,19260686,438775
2022-10-17,0,61926870,15297387,23869740,3057956,19262455,439332
2022-10-18,0,61936824,15297393,23873321,3058403,19267257,440450
2022-10-19,0,61947817,15297406,23876054,3058988,19273549,441820
2022-10-20,0,61958502,15297413,23879252,3059615,19278748,443474
2022-10-21,1,61973734,15297414,23882792,3060057,19287889,445581
2022-10-22,0,61988967,15297416,23886333,3060499,19297031,447688
2022-10-23,1,61992838,15297417,23887629,3060687,19298882,448222
2022-10-24,0,61996709,15297419,23888925,3060875,19300733,448757
2022-10-25,0,62005764,15297465,23891296,3061258,19305957,449788
2022-10-26,0,62015031,15297475,23893036,3061702,19311838,450980
2022-10-27,0,62023296,15297479,23895051,3062118,19316405,452243
2022-10-28,0,62032858,15297478,23896880,3062568,19322267,453665
2022-10-29,0,62046644,15297480,23901206,3063039,19328917,456002
2022-10-30,1,62049627,15297485,23902044,3063158,19330549,456390
2022-10-31,0,62052611,15297490,23902883,3063278,19332182,456778
2022-11-01,0,62059655,15297498,23905053,3063650,19335760,457694
2022-11-02,0,62067335,15297501,23906887,3064022,19340022,458903
2022-11-03,0,62075450,15297498,23909025,3064532,19344198,460197
2022-11-04,0,62086064,15297703,23911886,3065025,19349815,461635
2022-11-05,0,62097325,15297703,23915431,3065469,19355003,463719
2022-11-06,1,62100789,15297706,23917115,3065807,19356005,464156
2022-11-07,0,62104254,15297709,23918800,3066145,19357007,464593
2022-11-08,0,62110992,15297711,23920992,3066522,19360034,465733
2022-11-09,0,62117526,15297714,23921991,3067171,19363733,466917
2022-11-10,0,62124281,15297720,23923371,3067350,19367652,468188
2022-11-11,0,62133028,15297724,23925131,3067491,19373188,469494
2022-11-12,0,62142961,15297726,23927090,3067718,19378921,471506
2022-11-13,1,62145628,15297727,23927895,3067987,19380130,471887
2022-11-14,0,62148295,15297728,23928701,3068257,19381340,472269
2022-11-15,0,62155348,15297772,23931307,3068540,19384623,473106
2022-11-16,0,62162367,15297766,23932885,3068564,19388527,474625
2022-11-17,0,62169232,15297700,23934731,3068569,19392306,475926
2022-11-18,0,62177182,15297695,23936803,3068587,19396888,477209
2022-11-19,0,62185439,15297684,23939018,3068591,19401245,478901
2022-11-20,0,62183400,15297696,23938614,3068591,19400590,477909
2022-11-21,0,62190018,15297669,23940730,3068630,19403251,479738
2022-11-22,0,62195049,15297649,23942464,3068647,19405797,480492
2022-11-23,0,62200906,15297624,23943830,3068656,19409228,481568
2022-11-24,0,62206166,15297623,23945084,3068666,19412285,482508
2022-11-25,0,62213485,15297619,23946837,3068693,19416846,483490
2022-11-26,0,62220683,15297619,23948594,3068693,19420798,484979
2022-11-27,1,62222553,15297619,23949169,3068697,19421829,485238
2022-11-28,0,62224423,15297619,23949745,3068701,19422861,485497
2022-11-29,0,62229299,15297625,23951398,3068701,19425388,486187
2022-11-30,0,62234758,15297629,23951991,3068661,19429606,486871
2022-12-01,0,62240162,15297635,23953445,3068664,19432617,487801
2022-12-02,1,62249043,15297637,23955867,3068701,19437793,489043
2022-12-03,0,62257924,15297640,23958290,3068738,19442970,490286
2022-12-04,1,62260538,15297641,23959372,3068742,19444202,490579
2022-12-05,0,62263152,15297642,23960455,3068747,19445435,490873
2022-12-06,0,62267547,15297642,23961037,3068753,19448590,491525
2022-12-07,0,62272934,15297643,23961622,3068778,19452472,492419
2022-12-08,0,62279747,15297650,23962987,3068846,19457039,493225
2022-12-09,0,62298124,15297651,23965151,3069028,19470219,496075
2022-12-10,1,62299659,15297651,23965375,3069029,19471269,496333
2022-12-11,1,62301194,15297652,23965599,3069030,19472320,496592
2022-12-12,0,62302730,15297653,23965823,3069032,19473371,496851
2022-12-13,0,62308317,15297662,23966362,3069033,19477649,497611
2022-12-14,0,62315405,15297669,23966894,3069045,19483315,498482
2022-12-15,0,62323739,15297710,23967905,3069090,19489666,499368
2022-12-16,0,62343529,15297709,23969354,3069094,19505502,501870
2022-12-17,1,62345898,15297709,23969628,3069094,19507389,502077
2022-12-18,1,62348268,15297709,23969902,3069094,19509276,502285
2022-12-19,0,62350638,15297710,23970177,3069094,19511164,502493
2022-12-20,0,62359588,15297709,23970692,3069095,19519015,503077
2022-12-21,0,62368485,15297712,23971308,3069100,19526535,503830
2022-12-22,0,62376520,15297713,23971847,3069070,19533092,504798
2022-12-23,0,62394117,15297711,23973198,3069069,19547772,506367
2022-12-24,1,62397142,15297715,23973283,3069070,19549750,507322
2022-12-25,1,62400167,15297719,23973369,3069072,19551728,508277
2022-12-26,0,62403193,15297724,23973455,3069074,19553707,509233
2022-12-27,0,62410433,15297728,23973656,3069084,19559362,510603
2022-12-28,0,62419008,15297728,23973665,3069084,19566557,511974
2022-12-29,0,62426040,15297732,23973794,3069086,19572060,513368
2022-12-30,1,62431334,15297733,23973868,3069086,19576571,514075
2022-12-31,1,62436628,15297735,23973942,3069086,19581082,514782
2023-01-01,1,62441922,15297737,23974016,3069086,19585593,515490
2023-01-02,1,62447216,15297739,23974090,3069086,19590104,516197
2023-01-03,0,62452511,15297741,23974164,3069086,19594615,516905
2023-01-04,0,62460561,15297743,23974793,3069093,19600633,518299
2023-01-05,0,62469264,15297745,23975716,3069094,19606332,520377
2023-01-06,0,62478836,15297752,23977634,3069096,19612422,521932
2023-01-07,0,62488958,15297755,23978944,3069097,19617546,525616
2023-01-08,1,62491888,15297759,23979315,3069097,19619429,526287
2023-01-09,0,62494818,15297763,23979686,3069098,19621313,526958
2023-01-10,0,62502703,15297770,23980909,3069093,19626593,528338
2023-01-11,0,62511777,15297785,23982864,3069096,19631954,530078
2023-01-12,0,62519014,15297789,23984066,3069097,19636154,531908
2023-01-13,0,62543732,15297793,23986941,3069099,19651743,538156
2023-01-14,1,62547007,15297792,23987374,3069099,19653433,539308
2023-01-15,1,62550283,15297791,23987807,3069099,19655124,540461
2023-01-16,0,62553559,15297790,23988240,3069100,19656815,541614
2023-01-17,,,,,,,
