date,interpolated,total,AZ,Moderna,Medigen,Pfizer,Novavax,total_avg,AZ_avg,Moderna_avg,Medigen_avg,Pfizer_avg,Novavax_avg
2021-03-01,1,0,0,0,0,0,0,0.0,0.0,0.0,0.0,0.0,0.0
2021-03-02,1,0,0,0,0,0,0,0.0,0.0,0.0,0.0,0.0,0.0
2021-03-03,1,0,0,0,0,0,0,0.0,0.0,0.0,0.0,0.0,0.0
2021-03-04,1,0,0,0,0,0,0,0.0,0.0,0.0,0.0,0.0,0.0
2021-03-05,1,0,0,0,0,0,0,0.0,0.0,0.0,0.0,0.0,0.0
2021-03-06,1,0,0,0,0,0,0,0.0,0.0,0.0,0.0,0.0,0.0
2021-03-07,1,0,0,0,0,0,0,0.0,0.0,0.0,0.0,0.0,0.0
2021-03-08,1,0,0,0,0,0,0,0.0,0.0,0.0,0.0,0.0,0.0
2021-03-09,1,0,0,0,0,0,0,0.0,0.0,0.0,0.0,0.0,0.0
2021-03-10,1,0,0,0,0,0,0,0.0,0.0,0.0,0.0,0.0,0.0
2021-03-11,1,0,0,0,0,0,0,0.0,0.0,0.0,0.0,0.0,0.0
2021-03-12,1,0,0,0,0,0,0,0.0,0.0,0.0,0.0,0.0,0.0
2021-03-13,1,0,0,0,0,0,0,0.0,0.0,0.0,0.0,0.0,0.0
2021-03-14,1,0,0,0,0,0,0,0.0,0.0,0.0,0.0,0.0,0.0
2021-03-15,1,0,0,0,0,0,0,0.0,0.0,0.0,0.0,0.0,0.0
2021-03-16,1,0,0,0,0,0,0,0.0,0.0,0.0,0.0,0.0,0.0
2021-03-17,1,0,0,0,0,0,0,0.0,0.0,0.0,0.0,0.0,0.0
2021-03-18,1,0,0,0,0,0,0,0.0,0.0,0.0,0.0,0.0,0.0
2021-03-19,1,0,0,0,0,0,0,0.0,0.0,0.0,0.0,0.0,0.0
2021-03-20,1,0,0,0,0,0,0,0.0,0.0,0.0,0.0,0.0,0.0
2021-03-21,-1,0,0,0,0,0,0,0.0,0.0,0.0,0.0,0.0,0.0
2021-03-22,0,1578,1578,0,0,0,0,225.4286,225.4286,0.0,0.0,0.0,0.0
2021-03-23,0,1640,1640,0,0,0,0,459.7143,459.7143,0.0,0.0,0.0,0.0
2021-03-24,0,1951,1951,0,0,0,0,738.4286,738.4286,0.0,0.0,0.0,0.0
2021-03-25,0,1884,1884,0,0,0,0,1007.5714,1007.5714,0.0,0.0,0.0,0.0
2021-03-26,0,2179,2179,0,0,0,0,1318.8571,1318.8571,0.0,0.0,0.0,0.0
2021-03-27,0,145,145,0,0,0,0,1339.5714,1339.5714,0.0,0.0,0.0,0.0
2021-03-28,0,35,35,0,0,0,0,1344.5714,1344.5714,0.0,0.0,0.0,0.0
2021-03-29,0,1479,1479,0,0,0,0,1330.4286,1330.4286,0.0,0.0,0.0,0.0
2021-03-30,0,1757,1757,0,0,0,0,1347.1429,1347.1429,0.0,0.0,0.0,0.0
2021-03-31,0,1752,1752,0,0,0,0,1318.7143,1318.7143,0.0,0.0,0.0,0.0
2021-04-01,0,2050,2050,0,0,0,0,1342.4286,1342.4286,0.0,0.0,0.0,0.0
2021-04-02,0,606,606,0,0,0,0,1117.7143,1117.7143,0.0,0.0,0.0,0.0
2021-04-03,0,22,22,0,0,0,0,1100.1429,1100.1429,0.0,0.0,0.0,0.0
2021-04-04,0,0,0,0,0,0,0,1095.1429,1095.1429,0.0,0.0,0.0,0.0
2021-04-05,0,167,167,0,0,0,0,907.7143,907.7143,0.0,0.0,0.0,0.0
2021-04-06,0,1412,1412,0,0,0,0,858.4286,858.4286,0.0,0.0,0.0,0.0
2021-04-07,0,1418,1418,0,0,0,0,810.7143,810.7143,0.0,0.0,0.0,0.0
2021-04-08,0,1798,1798,0,0,0,0,774.7143,774.7143,0.0,0.0,0.0,0.0
2021-04-09,0,2577,2577,0,0,0,0,1056.2857,1056.2857,0.0,0.0,0.0,0.0
2021-04-10,0,208,208,0,0,0,0,1082.8571,1082.8571,0.0,0.0,0.0,0.0
2021-04-11,0,43,43,0,0,0,0,1089.0,1089.0,0.0,0.0,0.0,0.0
2021-04-12,0,1181,1181,0,0,0,0,1233.8571,1233.8571,0.0,0.0,0.0,0.0
2021-04-13,0,1231,1231,0,0,0,0,1208.0,1208.0,0.0,0.0,0.0,0.0
2021-04-14,0,1384,1384,0,0,0,0,1203.1429,1203.1429,0.0,0.0,0.0,0.0
2021-04-15,0,1542,1542,0,0,0,0,1166.5714,1166.5714,0.0,0.0,0.0,0.0
2021-04-16,0,2350,2350,0,0,0,0,1134.1429,1134.1429,0.0,0.0,0.0,0.0
2021-04-17,0,61,61,0,0,0,0,1113.1429,1113.1429,0.0,0.0,0.0,0.0
2021-04-18,1,582,582,0,0,0,0,1190.1429,1190.1429,0.0,0.0,0.0,0.0
2021-04-19,1,582,582,0,0,0,0,1104.5714,1104.5714,0.0,0.0,0.0,0.0
2021-04-20,-1,583,583,0,0,0,0,1012.0,1012.0,0.0,0.0,0.0,0.0
2021-04-21,0,2534,2534,0,0,0,0,1176.2857,1176.2857,0.0,0.0,0.0,0.0
2021-04-22,0,2490,2490,0,0,0,0,1311.7143,1311.7143,0.0,0.0,0.0,0.0
2021-04-23,0,3302,3302,0,0,0,0,1447.7143,1447.7143,0.0,0.0,0.0,0.0
2021-04-24,0,149,149,0,0,0,0,1460.2857,1460.2857,0.0,0.0,0.0,0.0
2021-04-25,1,1357,1357,0,0,0,0,1571.0,1571.0,0.0,0.0,0.0,0.0
2021-04-26,-1,1358,1358,0,0,0,0,1681.8571,1681.8571,0.0,0.0,0.0,0.0
2021-04-27,0,2793,2793,0,0,0,0,1997.5714,1997.5714,0.0,0.0,0.0,0.0
2021-04-28,0,2653,2653,0,0,0,0,2014.5714,2014.5714,0.0,0.0,0.0,0.0
2021-04-29,0,3356,3356,0,0,0,0,2138.2857,2138.2857,0.0,0.0,0.0,0.0
2021-04-30,0,3695,3695,0,0,0,0,2194.4286,2194.4286,0.0,0.0,0.0,0.0
2021-05-01,1,184,184,0,0,0,0,2199.4286,2199.4286,0.0,0.0,0.0,0.0
2021-05-02,-1,184,184,0,0,0,0,2031.8571,2031.8571,0.0,0.0,0.0,0.0
2021-05-03,0,4185,4185,0,0,0,0,2435.7143,2435.7143,0.0,0.0,0.0,0.0
2021-05-04,0,5494,5494,0,0,0,0,2821.5714,2821.5714,0.0,0.0,0.0,0.0
2021-05-05,0,6057,6057,0,0,0,0,3307.8571,3307.8571,0.0,0.0,0.0,0.0
2021-05-06,0,6873,6873,0,0,0,0,3810.2857,3810.2857,0.0,0.0,0.0,0.0
2021-05-07,0,10141,10141,0,0,0,0,4731.1429,4731.1429,0.0,0.0,0.0,0.0
2021-05-08,1,523,523,0,0,0,0,4779.5714,4779.5714,0.0,0.0,0.0,0.0
2021-05-09,-1,524,524,0,0,0,0,4828.1429,4828.1429,0.0,0.0,0.0,0.0
2021-05-10,1,10247,10247,0,0,0,0,5694.1429,5694.1429,0.0,0.0,0.0,0.0
2021-05-11,-1,10247,10247,0,0,0,0,6373.1429,6373.1429,0.0,0.0,0.0,0.0
2021-05-12,0,17126,17126,0,0,0,0,7954.4286,7954.4286,0.0,0.0,0.0,0.0
2021-05-13,0,22328,22328,0,0,0,0,10162.2857,10162.2857,0.0,0.0,0.0,0.0
2021-05-14,0,34152,34152,0,0,0,0,13592.4286,13592.4286,0.0,0.0,0.0,0.0
2021-05-15,1,4264,4264,0,0,0,0,14126.8571,14126.8571,0.0,0.0,0.0,0.0
2021-05-16,-1,4265,4265,0,0,0,0,14661.2857,14661.2857,0.0,0.0,0.0,0.0
2021-05-17,0,25674,25674,0,0,0,0,16865.1429,16865.1429,0.0,0.0,0.0,0.0
2021-05-18,0,24656,24656,0,0,0,0,18923.5714,18923.5714,0.0,0.0,0.0,0.0
2021-05-19,0,19581,19581,0,0,0,0,19274.2857,19274.2857,0.0,0.0,0.0,0.0
2021-05-20,0,17058,17058,0,0,0,0,18521.4286,18521.4286,0.0,0.0,0.0,0.0
2021-05-21,0,18197,18197,0,0,0,0,16242.1429,16242.1429,0.0,0.0,0.0,0.0
2021-05-22,1,1427,1427,0,0,0,0,15836.8571,15836.8571,0.0,0.0,0.0,0.0
2021-05-23,-1,1427,1427,0,0,0,0,15431.4286,15431.4286,0.0,0.0,0.0,0.0
2021-05-24,0,8980,8980,0,0,0,0,13046.5714,13046.5714,0.0,0.0,0.0,0.0
2021-05-25,0,7987,7987,0,0,0,0,10665.2857,10665.2857,0.0,0.0,0.0,0.0
2021-05-26,1,30295,30295,0,0,0,0,12195.8571,12195.8571,0.0,0.0,0.0,0.0
2021-05-27,1,30296,30296,0,0,0,0,14087.0,14087.0,0.0,0.0,0.0,0.0
2021-05-28,1,30295,30295,0,0,0,0,15815.2857,15815.2857,0.0,0.0,0.0,0.0
2021-05-29,1,30296,30296,0,0,0,0,19939.4286,19939.4286,0.0,0.0,0.0,0.0
2021-05-30,1,30295,30295,0,0,0,0,24063.4286,24063.4286,0.0,0.0,0.0,0.0
2021-05-31,1,30296,30296,0,0,0,0,27108.5714,27108.5714,0.0,0.0,0.0,0.0
2021-06-01,1,30295,30295,0,0,0,0,30295.4286,30295.4286,0.0,0.0,0.0,0.0
2021-06-02,-1,30296,30296,0,0,0,0,30295.5714,30295.5714,0.0,0.0,0.0,0.0
2021-06-03,0,62103,62103,0,0,0,0,34839.4286,34839.4286,0.0,0.0,0.0,0.0
2021-06-04,0,54286,54286,0,0,0,0,38266.7143,38266.7143,0.0,0.0,0.0,0.0
2021-06-05,1,10384,10384,0,0,0,0,35422.1429,35422.1429,0.0,0.0,0.0,0.0
2021-06-06,-1,10385,10385,0,0,0,0,32577.8571,32577.8571,0.0,0.0,0.0,0.0
2021-06-07,0,25632,25632,0,0,0,0,31911.5714,31911.5714,0.0,0.0,0.0,0.0
2021-06-08,0,18759,18759,0,0,0,0,30263.5714,30263.5714,0.0,0.0,0.0,0.0
2021-06-09,0,16168,16168,0,0,0,0,28245.2857,28245.2857,0.0,0.0,0.0,0.0
2021-06-10,0,22554,7414,15140,0,0,0,22595.4286,20432.5714,2162.8571,0.0,0.0,0.0
2021-06-11,0,16829,7100,9729,0,0,0,17244.4286,13691.7143,3552.7143,0.0,0.0,0.0
2021-06-12,1,18665,16492,2173,0,0,0,18427.4286,14564.2857,3863.1429,0.0,0.0,0.0
2021-06-13,1,18665,16492,2173,0,0,0,19610.2857,15436.7143,4173.5714,0.0,0.0,0.0
2021-06-14,-1,18666,16492,2174,0,0,0,18615.1429,14131.0,4484.1429,0.0,0.0,0.0
2021-06-15,0,154035,147919,6116,0,0,0,37940.2857,32582.4286,5357.8571,0.0,0.0,0.0
2021-06-16,0,168944,161860,7084,0,0,0,59765.4286,53395.5714,6369.8571,0.0,0.0,0.0
2021-06-17,0,143735,139606,4129,0,0,0,77077.0,72280.1429,4796.8571,0.0,0.0,0.0
2021-06-18,0,107675,101835,5840,0,0,0,90055.0,85813.7143,4241.2857,0.0,0.0,0.0
2021-06-19,1,56109,51723,4386,0,0,0,95404.1429,90846.7143,4557.4286,0.0,0.0,0.0
2021-06-20,-1,56109,51723,4386,0,0,0,100753.2857,95879.7143,4873.5714,0.0,0.0,0.0
2021-06-21,0,74652,63539,11113,0,0,0,108751.2857,102600.7143,6150.5714,0.0,0.0,0.0
2021-06-22,0,65552,53648,11904,0,0,0,96110.8571,89133.4286,6977.4286,0.0,0.0,0.0
2021-06-23,0,64194,54577,9617,0,0,0,81146.5714,73807.2857,7339.2857,0.0,0.0,0.0
2021-06-24,0,89095,78891,10204,0,0,0,73340.8571,65133.7143,8207.1429,0.0,0.0,0.0
2021-06-25,0,70249,60167,10082,0,0,0,67994.2857,59181.1429,8813.1429,0.0,0.0,0.0
2021-06-26,1,10749,9478,1271,0,0,0,61514.2857,53146.1429,8368.1429,0.0,0.0,0.0
2021-06-27,-1,10750,9478,1272,0,0,0,55034.4286,47111.1429,7923.2857,0.0,0.0,0.0
2021-06-28,0,37619,31144,6475,0,0,0,49744.0,42483.2857,7260.7143,0.0,0.0,0.0
2021-06-29,0,38085,32922,5163,0,0,0,45820.1429,39522.4286,6297.7143,0.0,0.0,0.0
2021-06-30,0,40541,36615,3926,0,0,0,42441.1429,36956.4286,5484.7143,0.0,0.0,0.0
2021-07-01,0,44369,21437,22932,0,0,0,36051.7143,28748.7143,7303.0,0.0,0.0,0.0
2021-07-02,0,190751,18815,171936,0,0,0,53266.2857,22841.2857,30425.0,0.0,0.0,0.0
2021-07-03,1,120261,3224,117037,0,0,0,68910.8571,21947.8571,46963.0,0.0,0.0,0.0
2021-07-04,-1,120261,3224,117037,0,0,0,84555.2857,21054.4286,63500.8571,0.0,0.0,0.0
2021-07-05,0,109929,8438,101491,0,0,0,94885.2857,17810.7143,77074.5714,0.0,0.0,0.0
2021-07-06,0,111751,8074,103677,0,0,0,105409.0,14261.0,91148.0,0.0,0.0,0.0
2021-07-07,0,159457,8039,151418,0,0,0,122397.0,10178.7143,112218.2857,0.0,0.0,0.0
2021-07-08,0,221084,6385,214699,0,0,0,147642.0,8028.4286,139613.5714,0.0,0.0,0.0
2021-07-09,0,235919,9522,226397,0,0,0,154094.5714,6700.8571,147393.7143,0.0,0.0,0.0
2021-07-10,1,104420,1426,102993,0,0,0,151831.5714,6444.0,145387.4286,0.0,0.0,0.0
2021-07-11,-1,104420,1427,102994,0,0,0,149568.5714,6187.2857,143381.2857,0.0,0.0,0.0
2021-07-12,0,255699,6207,249492,0,0,0,170392.8571,5868.5714,164524.2857,0.0,0.0,0.0
2021-07-13,0,262522,7410,255112,0,0,0,191931.5714,5773.7143,186157.8571,0.0,0.0,0.0
2021-07-14,0,253211,7497,245714,0,0,0,205325.0,5696.2857,199628.7143,0.0,0.0,0.0
2021-07-15,0,266367,6697,259670,0,0,0,211794.0,5740.8571,206053.1429,0.0,0.0,0.0
2021-07-16,0,313013,202298,110715,0,0,0,222807.4286,33280.2857,189527.1429,0.0,0.0,0.0
2021-07-17,1,138727,119183,19544,0,0,0,227708.4286,50102.7143,177605.8571,0.0,0.0,0.0
2021-07-18,-1,138728,119184,19544,0,0,0,232609.5714,66925.1429,165684.4286,0.0,0.0,0.0
2021-07-19,0,225881,187765,38116,0,0,0,228349.8571,92862.0,135487.8571,0.0,0.0,0.0
2021-07-20,0,254565,222474,32091,0,0,0,227213.1429,123585.4286,103627.7143,0.0,0.0,0.0
2021-07-21,0,219947,190533,29414,0,0,0,222461.1429,149733.4286,72727.7143,0.0,0.0,0.0
2021-07-22,0,165096,135026,30070,0,0,0,207993.8571,168066.1429,39927.7143,0.0,0.0,0.0
2021-07-23,0,287469,265164,22305,0,0,0,204344.7143,177047.0,27297.7143,0.0,0.0,0.0
2021-07-24,1,163532,155847,7684,0,0,0,207888.2857,182284.7143,25603.4286,0.0,0.0,0.0
2021-07-25,-1,163532,155848,7685,0,0,0,211431.7143,187522.4286,23909.2857,0.0,0.0,0.0
2021-07-26,0,339001,321382,17619,0,0,0,227591.7143,206610.5714,20981.1429,0.0,0.0,0.0
2021-07-27,0,305156,285761,19395,0,0,0,234819.0,215651.5714,19167.4286,0.0,0.0,0.0
2021-07-28,0,270406,246848,23558,0,0,0,242027.4286,223696.5714,18330.8571,0.0,0.0,0.0
2021-07-29,0,238280,218888,19392,0,0,0,252482.2857,235676.8571,16805.4286,0.0,0.0,0.0
2021-07-30,0,261899,240781,21118,0,0,0,248829.4286,232193.5714,16635.8571,0.0,0.0,0.0
2021-07-31,1,90671,87750,2921,0,0,0,238420.7143,222465.4286,15955.4286,0.0,0.0,0.0
2021-08-01,-1,90671,87750,2921,0,0,0,228012.0,212737.1429,15274.8571,0.0,0.0,0.0
2021-08-02,0,134872,122473,12399,0,0,0,198850.7143,184321.5714,14529.1429,0.0,0.0,0.0
2021-08-03,0,96052,82404,13648,0,0,0,168978.7143,155270.5714,13708.1429,0.0,0.0,0.0
2021-08-04,0,106250,94726,11524,0,0,0,145527.8571,133538.8571,11989.0,0.0,0.0,0.0
2021-08-05,0,267661,256175,11486,0,0,0,149725.1429,138865.5714,10859.5714,0.0,0.0,0.0
2021-08-06,0,279453,269454,9999,0,0,0,152232.8571,142961.7143,9271.1429,0.0,0.0,0.0
2021-08-07,1,12898,11217,1681,0,0,0,141122.4286,132028.4286,9094.0,0.0,0.0,0.0
2021-08-08,-1,12898,11217,1681,0,0,0,130012.0,121095.1429,8916.8571,0.0,0.0,0.0
2021-08-09,0,47966,41469,6497,0,0,0,117596.8571,109523.1429,8073.7143,0.0,0.0,0.0
2021-08-10,0,37495,32334,5161,0,0,0,109231.5714,102370.2857,6861.2857,0.0,0.0,0.0
2021-08-11,0,167478,19073,148405,0,0,0,117978.4286,91562.7143,26415.7143,0.0,0.0,0.0
2021-08-12,0,169549,18481,151068,0,0,0,103962.4286,57606.4286,46356.0,0.0,0.0,0.0
2021-08-13,0,146456,46007,100449,0,0,0,84962.8571,25685.4286,59277.4286,0.0,0.0,0.0
2021-08-14,1,37798,4733,33064,0,0,0,88520.0,24759.1429,63760.7143,0.0,0.0,0.0
2021-08-15,-1,37798,4734,33065,0,0,0,92077.1429,23833.0,68244.1429,0.0,0.0,0.0
2021-08-16,0,62458,23594,38864,0,0,0,94147.4286,21279.4286,72868.0,0.0,0.0,0.0
2021-08-17,0,63739,24814,38925,0,0,0,97896.5714,20205.1429,77691.4286,0.0,0.0,0.0
2021-08-18,0,34963,21673,13290,0,0,0,78965.8571,20576.5714,58389.2857,0.0,0.0,0.0
2021-08-19,0,28569,18497,10072,0,0,0,58825.8571,20578.8571,38247.0,0.0,0.0,0.0
2021-08-20,0,43075,27825,15250,0,0,0,44057.1429,17981.4286,26075.7143,0.0,0.0,0.0
2021-08-21,1,5060,3902,1158,0,0,0,39380.2857,17862.7143,21517.7143,0.0,0.0,0.0
2021-08-22,-1,5061,3903,1158,0,0,0,34703.5714,17744.0,16959.5714,0.0,0.0,0.0
2021-08-23,0,179215,7219,4728,167268,0,0,51383.1429,15404.7143,12083.0,23895.4286,0.0,0.0
2021-08-24,0,157745,25428,12628,119689,0,0,64812.5714,15492.4286,8326.2857,40993.8571,0.0,0.0
2021-08-25,0,92437,19175,8737,64525,0,0,73023.1429,15135.5714,7675.8571,50211.7143,0.0,0.0
2021-08-26,0,88858,24401,12949,51508,0,0,81635.8571,15979.0,8086.8571,57570.0,0.0,0.0
2021-08-27,0,193317,32338,13037,147942,0,0,103099.0,16623.7143,7770.7143,78704.5714,0.0,0.0
2021-08-28,1,53415,7015,1535,44865,0,0,110006.8571,17068.4286,7824.5714,85113.8571,0.0,0.0
2021-08-29,-1,53416,7016,1535,44865,0,0,116914.7143,17513.1429,7878.4286,91523.1429,0.0,0.0
2021-08-30,0,42555,26191,8348,8016,0,0,97391.8571,20223.4286,8395.5714,68772.8571,0.0,0.0
2021-08-31,0,30246,19055,9039,2152,0,0,79177.7143,19313.0,7882.8571,51981.8571,0.0,0.0
2021-09-01,0,23505,13671,8729,1105,0,0,69330.2857,18526.7143,7881.7143,42921.8571,0.0,0.0
2021-09-02,0,21769,11229,9518,1022,0,0,59746.1429,16645.0,7391.5714,35709.5714,0.0,0.0
2021-09-03,0,239360,230625,7408,1327,0,0,66323.7143,44971.7143,6587.4286,14764.5714,0.0,0.0
2021-09-04,1,68684,62958,1964,3761,0,0,68505.0,52963.5714,6648.7143,8892.5714,0.0,0.0
2021-09-05,-1,68684,62959,1965,3761,0,0,70686.1429,60955.4286,6710.1429,3020.5714,0.0,0.0
2021-09-06,0,75391,57644,2378,15369,0,0,75377.0,65448.7143,5857.2857,4071.0,0.0,0.0
2021-09-07,0,92247,82368,2027,7852,0,0,84234.2857,74493.4286,4855.5714,4885.2857,0.0,0.0
2021-09-08,0,112077,100640,2982,8455,0,0,96887.4286,86917.5714,4034.5714,5935.2857,0.0,0.0
2021-09-09,0,300995,291519,2515,6961,0,0,136776.8571,126959.0,3034.1429,6783.7143,0.0,0.0
2021-09-10,0,339877,324728,6277,8872,0,0,151136.4286,140402.2857,2872.5714,7861.5714,0.0,0.0
2021-09-11,1,80818,76477,859,3482,0,0,152869.8571,142333.5714,2714.7143,7821.7143,0.0,0.0
2021-09-12,-1,80819,76477,859,3483,0,0,154603.4286,144264.7143,2556.7143,7782.0,0.0,0.0
2021-09-13,0,24904,16290,6703,1911,0,0,147391.0,138357.0,3174.5714,5859.4286,0.0,0.0
2021-09-14,0,16566,8315,7275,976,0,0,136579.4286,127778.0,3924.2857,4877.1429,0.0,0.0
2021-09-15,0,203766,199791,3130,845,0,0,149677.8571,141942.4286,3945.4286,3790.0,0.0,0.0
2021-09-16,0,229670,225194,4000,476,0,0,139488.5714,132467.4286,4157.5714,2863.5714,0.0,0.0
2021-09-17,0,233745,229057,4260,428,0,0,124326.8571,118800.1429,3869.4286,1657.2857,0.0,0.0
2021-09-18,1,58378,57569,493,316,0,0,121121.1429,116099.0,3817.1429,1205.0,0.0,0.0
2021-09-19,1,58379,57570,493,316,0,0,117915.4286,113398.0,3764.8571,752.5714,0.0,0.0
2021-09-20,1,58378,57569,493,316,0,0,122697.4286,119295.0,2877.7143,524.7143,0.0,0.0
2021-09-21,-1,58379,57570,493,316,0,0,128670.7143,126331.4286,1908.8571,430.4286,0.0,0.0
2021-09-22,0,184410,150120,24440,1028,8822,0,125905.5714,119235.5714,4953.1429,456.5714,1260.2857,0.0
2021-09-23,0,266699,133789,41631,601,90678,0,131195.4286,106177.7143,10329.0,474.4286,14214.2857,0.0
2021-09-24,0,285995,48029,85429,725,151812,0,138659.7143,80316.5714,21924.5714,516.8571,35901.7143,0.0
2021-09-25,1,143807,18083,27401,166,98157,0,150863.8571,74675.7143,25768.5714,495.4286,49924.1429,0.0
2021-09-26,-1,143808,18084,27401,166,98157,0,163068.0,69034.8571,29612.5714,474.0,63946.5714,0.0
2021-09-27,0,333254,18680,31694,13266,269614,0,202336.0,63479.2857,34069.8571,2324.0,102462.8571,0.0
2021-09-28,0,327951,22869,35132,13822,256128,0,240846.2857,58522.0,39018.2857,4253.4286,139052.5714,0.0
2021-09-29,0,350140,21684,68885,12389,247182,0,264522.0,40174.0,45367.5714,5876.4286,173104.0,0.0
2021-09-30,0,439468,19833,69168,178502,171965,0,289203.2857,23894.5714,49301.4286,31290.8571,184716.4286,0.0
2021-10-01,0,396309,11495,54928,154276,175610,0,304962.4286,18675.4286,44944.1429,53226.7143,188116.1429,0.0
2021-10-02,1,140880,4805,51066,61042,23967,0,304544.2857,16778.5714,48324.8571,61923.2857,177517.5714,0.0
2021-10-03,-1,140881,4806,51066,61042,23967,0,304126.1429,14881.7143,51705.5714,70619.8571,166919.0,0.0
2021-10-04,0,261631,17407,187305,15714,41205,0,293894.2857,14699.8571,73935.7143,70969.5714,134289.1429,0.0
2021-10-05,0,200727,18987,128122,6536,47082,0,275719.4286,14145.2857,87220.0,69928.7143,104425.4286,0.0
2021-10-06,0,197128,70055,86503,9389,31181,0,253860.5714,21055.4286,89736.8571,69500.1429,73568.1429,0.0
2021-10-07,0,323146,224575,50075,11765,36731,0,237243.1429,50304.2857,87009.2857,45680.5714,54249.0,0.0
2021-10-08,0,345874,262151,40459,11496,31768,0,230038.1429,86112.2857,84942.2857,25283.4286,33700.1429,0.0
2021-10-09,1,117797,79380,20344,6909,11162,0,226740.5714,96765.8571,80553.4286,17550.1429,31870.8571,0.0
2021-10-10,1,117797,79381,20344,6909,11163,0,223442.8571,107419.4286,76164.5714,9816.8571,30041.7143,0.0
2021-10-11,-1,117797,79381,20345,6910,11163,0,202895.1429,116272.8571,52313.1429,8559.1429,25750.0,0.0
2021-10-12,0,256500,165129,24086,39354,27931,0,210862.7143,137150.2857,37450.8571,13247.4286,23014.1429,0.0
2021-10-13,0,269374,51503,32726,7956,177189,0,221183.5714,134500.0,29768.4286,13042.7143,43872.4286,0.0
2021-10-14,0,259292,21878,66320,3641,167453,0,212061.5714,105543.2857,32089.1429,11882.1429,62547.0,0.0
2021-10-15,0,408997,113248,55550,3966,236233,0,221079.1429,84271.4286,34245.0,10806.4286,91756.2857,0.0
2021-10-16,1,195332,51985,32474,945,109927,0,232155.5714,80357.8571,35977.8571,9954.4286,105865.5714,0.0
2021-10-17,-1,195332,51986,32475,945,109927,0,243232.0,76444.2857,37710.8571,9102.4286,119974.7143,0.0
2021-10-18,0,379276,104507,19816,2914,252039,0,280586.1429,80033.7143,37635.2857,8531.5714,154385.5714,0.0
2021-10-19,0,336462,144504,8978,2545,180435,0,292009.2857,77087.2857,35477.0,3273.1429,176171.8571,0.0
2021-10-20,0,379574,205929,11234,2272,160139,0,307752.1429,99148.1429,32406.7143,2461.1429,173736.1429,0.0
2021-10-21,0,343792,210922,12377,3153,117340,0,319823.5714,126154.4286,24700.5714,2391.4286,166577.1429,0.0
2021-10-22,0,452233,90498,162127,3165,196443,0,326000.1429,122904.4286,39925.8571,2277.0,160892.8571,0.0
2021-10-23,1,283125,73062,55864,750,153448,0,338542.0,125915.4286,43267.2857,2249.1429,167110.1429,0.0
2021-10-24,-1,283126,73063,55865,750,153449,0,351084.0,128926.4286,46608.7143,2221.2857,173327.5714,0.0
2021-10-25,0,500423,137364,127064,2450,233545,0,368390.7143,133620.2857,61929.8571,2155.0,170685.5714,0.0
2021-10-26,0,433935,136579,124692,2357,170307,0,382315.4286,132488.1429,78460.4286,2128.1429,169238.7143,0.0
2021-10-27,0,419521,195494,103848,2322,117857,0,388022.1429,130997.4286,91691.0,2135.2857,163198.4286,0.0
2021-10-28,0,411584,93693,65426,8036,244429,0,397706.7143,114250.4286,99269.4286,2832.8571,181354.0,0.0
2021-10-29,0,432340,82361,56975,3262,289742,0,394864.8571,113088.0,84247.7143,2846.7143,194682.4286,0.0
2021-10-30,1,194538,33606,29789,1069,130073,0,382209.5714,107451.4286,80522.7143,2892.2857,191343.1429,0.0
2021-10-31,-1,194538,33607,29789,1070,130073,0,369554.1429,101814.8571,76797.5714,2938.0,188003.7143,0.0
2021-11-01,0,311863,136703,105343,2856,66961,0,342617.0,101720.4286,73694.5714,2996.0,164206.0,0.0
2021-11-02,0,304256,181234,80534,3000,39488,0,324091.4286,108099.7143,67386.2857,3087.8571,145517.5714,0.0
2021-11-03,0,291795,181942,60235,2164,47454,0,305844.8571,106163.7143,61155.8571,3065.2857,135460.0,0.0
2021-11-04,0,73176,28458,34745,-3170,13143,0,257500.8571,96844.4286,56772.8571,1464.4286,102419.1429,0.0
2021-11-05,0,229010,77788,31993,3178,116051,0,228453.7143,96191.1429,53204.0,1452.4286,77606.1429,0.0
2021-11-06,1,100835,42797,9256,3764,45018,0,215067.5714,97504.1429,50270.7143,1837.4286,65455.4286,0.0
2021-11-07,-1,100836,42797,9256,3764,45019,0,201681.5714,98817.0,47337.4286,2222.2857,53304.8571,0.0
2021-11-08,0,260645,131009,7834,2207,119595,0,194364.7143,98003.5714,33407.5714,2129.5714,60824.0,0.0
2021-11-09,0,226244,97570,19244,1989,107441,0,183220.1429,86051.5714,24651.8571,1985.1429,70531.5714,0.0
2021-11-10,0,235616,96136,16543,2595,120342,0,175194.5714,73793.5714,18410.1429,2046.7143,80944.1429,0.0
2021-11-11,0,205839,83679,16874,2140,103146,0,194146.4286,81682.2857,15857.1429,2805.2857,93801.7143,0.0
2021-11-12,0,269334,105173,19267,2574,142320,0,199907.0,85594.4286,14039.1429,2719.0,97554.4286,0.0
2021-11-13,1,104940,27995,56366,775,19803,0,200493.4286,83479.8571,20769.1429,2292.0,93952.2857,0.0
2021-11-14,-1,104940,27995,56367,775,19804,0,201079.7143,81365.2857,27499.2857,1865.0,90350.1429,0.0
2021-11-15,0,238142,71053,104768,1734,60587,0,197865.0,72800.1429,41347.0,1797.4286,81920.4286,0.0
2021-11-16,0,233925,83445,84813,1636,64031,0,198962.2857,70782.2857,50714.0,1747.0,75719.0,0.0
2021-11-17,0,242338,113507,54487,1576,72768,0,199922.5714,73263.8571,56134.5714,1601.4286,68922.7143,0.0
2021-11-18,1,291536,166451,42161,1501,81422,0,212165.0,85088.4286,59747.0,1510.1429,65819.2857,0.0
2021-11-19,-1,291537,166451,42162,1502,81423,0,215336.8571,93842.4286,63017.7143,1357.0,57119.7143,0.0
2021-11-20,1,118171,61386,32739,459,23585,0,217227.0,98612.5714,59642.4286,1311.8571,57660.0,0.0
2021-11-21,-1,118171,61387,32740,460,23586,0,219117.1429,103382.8571,56267.1429,1266.8571,58200.2857,0.0
2021-11-22,0,291908,150029,71490,1673,68716,0,226798.0,114665.1429,51513.1429,1258.1429,59361.5714,0.0
2021-11-23,0,233879,104251,61746,1236,66646,0,226791.4286,117637.4286,48217.8571,1201.0,59735.1429,0.0
2021-11-24,0,183333,48759,62021,1607,70946,0,218362.1429,108387.7143,49294.1429,1205.4286,59474.8571,0.0
2021-11-25,0,321800,37269,21015,1591,261925,0,222685.5714,89933.1429,46273.2857,1218.2857,85261.0,0.0
2021-11-26,0,394186,34090,24125,1594,334377,0,237349.7143,71024.4286,43696.5714,1231.4286,121397.2857,0.0
2021-11-27,1,158414,17905,7860,773,131876,0,243098.7143,64812.8571,40142.4286,1276.2857,136867.4286,0.0
2021-11-28,-1,158415,17906,7860,773,131876,0,248847.8571,58601.2857,36588.1429,1321.0,152337.4286,0.0
2021-11-29,0,290764,79682,18930,1443,190709,0,248684.4286,48551.7143,29079.5714,1288.1429,169765.0,0.0
2021-11-30,0,290835,45007,29568,1775,214485,0,256821.0,40088.2857,24482.7143,1365.1429,190884.8571,0.0
2021-12-01,0,263323,43542,24470,1700,193611,0,268248.1429,39343.0,19118.2857,1378.4286,208408.4286,0.0
2021-12-02,0,188577,24239,15634,1497,147207,0,249216.2857,37481.5714,18349.5714,1365.0,192020.1429,0.0
2021-12-03,0,276556,25478,17196,77,233805,0,232412.0,36251.2857,17359.7143,1148.2857,177652.7143,0.0
2021-12-04,1,100653,7386,9856,653,82757,0,224160.4286,34748.5714,17644.8571,1131.1429,170635.7143,0.0
2021-12-05,-1,100653,7386,9856,654,82758,0,215908.7143,33245.7143,17930.0,1114.1429,163618.8571,0.0
2021-12-06,0,212624,17927,19246,1814,173637,0,204745.8571,24423.5714,17975.1429,1167.1429,161180.0,0.0
2021-12-07,0,209182,11227,24003,2343,171609,0,193081.1429,19597.8571,17180.1429,1248.2857,155054.8571,0.0
2021-12-08,0,189863,14409,19474,2668,153312,0,182586.8571,15436.0,16466.4286,1386.5714,149297.8571,0.0
2021-12-09,0,134580,11431,20535,2832,99782,0,174873.0,13606.2857,17166.5714,1577.2857,142522.8571,0.0
2021-12-10,0,180784,20241,21424,2546,136573,0,161191.2857,12858.1429,17770.5714,1930.0,128632.5714,0.0
2021-12-11,1,61932,8544,9272,859,43256,0,155659.7143,13023.5714,17687.1429,1959.4286,122989.5714,0.0
2021-12-12,-1,61932,8545,9273,859,43256,0,150128.1429,13189.1429,17603.8571,1988.7143,117346.4286,0.0
2021-12-13,0,113278,11111,16979,2446,82742,0,135935.8571,12215.4286,17280.0,2079.0,104361.4286,0.0
2021-12-14,0,77063,8795,13735,2922,51611,0,117061.7143,11868.0,15813.1429,2161.7143,87218.8571,0.0
2021-12-15,0,75385,6402,14955,1955,52073,0,100707.7143,10724.1429,15167.5714,2059.8571,72756.1429,0.0
2021-12-16,0,68669,2486,18995,1720,45468,0,91291.8571,9446.2857,14947.5714,1901.0,64997.0,0.0
2021-12-17,0,105803,2917,23936,1969,76981,0,80580.2857,6971.4286,15306.4286,1818.5714,56483.8571,0.0
2021-12-18,1,31970,677,6490,622,24181,0,76300.0,5847.5714,14909.0,1784.7143,53758.8571,0.0
2021-12-19,-1,31971,677,6490,622,24182,0,72019.8571,4723.5714,14511.4286,1750.8571,51034.0,0.0
2021-12-20,0,66048,1440,16385,1502,46721,0,65272.7143,3342.0,14426.5714,1616.0,45888.1429,0.0
2021-12-21,0,65119,1150,11201,1231,51537,0,63566.4286,2249.8571,14064.5714,1374.4286,45877.5714,0.0
2021-12-22,0,68628,1540,11466,1122,54500,0,62601.1429,1555.2857,13566.1429,1255.4286,46224.2857,0.0
2021-12-23,0,58679,1214,16386,927,40152,0,61174.0,1373.5714,13193.4286,1142.1429,45464.8571,0.0
2021-12-24,0,127987,1654,20333,1489,104511,0,64343.1429,1193.1429,12678.7143,1073.5714,49397.7143,0.0
2021-12-25,1,16300,669,5676,472,9482,0,62104.5714,1192.0,12562.4286,1052.1429,47297.8571,0.0
2021-12-26,-1,16301,670,5677,473,9482,0,59866.0,1191.0,12446.2857,1030.8571,45197.8571,0.0
2021-12-27,0,67259,2148,14137,1493,49481,0,60039.0,1292.1429,12125.1429,1029.5714,45592.1429,0.0
2021-12-28,0,92773,2444,18313,1312,70704,0,63989.5714,1477.0,13141.1429,1041.1429,48330.2857,0.0
2021-12-29,0,133994,1929,20966,1603,109496,0,73327.5714,1532.5714,14498.2857,1109.8571,56186.8571,0.0
2021-12-30,0,231127,2495,28065,1509,199058,0,97963.0,1715.5714,16166.7143,1193.0,78887.7143,0.0
2021-12-31,0,54996,1832,13462,679,39023,0,87535.7143,1741.0,15185.1429,1077.2857,69532.2857,0.0
2022-01-01,1,10510,398,3452,183,6476,0,86708.5714,1702.2857,14867.4286,1036.0,69102.8571,0.0
2022-01-02,-1,10511,399,3453,184,6476,0,85881.4286,1663.5714,14549.7143,994.7143,68673.4286,0.0
2022-01-03,0,53697,2152,10435,1021,40089,0,83944.0,1664.1429,14020.8571,927.2857,67331.7143,0.0
2022-01-04,0,68443,2930,18320,1290,45903,0,80468.2857,1733.5714,14021.8571,924.1429,63788.7143,0.0
2022-01-05,0,75891,2874,19384,1504,52129,0,72167.8571,1868.5714,13795.8571,910.0,55593.4286,0.0
2022-01-06,0,114459,3958,32560,1729,76212,0,55501.0,2077.5714,14438.0,941.4286,38044.0,0.0
2022-01-07,0,216877,4370,61506,2857,148144,0,78626.8571,2440.1429,21301.4286,1252.5714,53632.7143,0.0
2022-01-08,1,161971,4113,97447,5689,54720,0,100264.1429,2970.8571,34729.2857,2039.1429,60524.7143,0.0
2022-01-09,1,161971,4114,97447,5690,54721,0,121901.2857,3501.5714,48157.0,2825.7143,67416.8571,0.0
2022-01-10,1,161972,4113,97448,5689,54721,0,137369.1429,3781.7143,60587.4286,3492.5714,69507.1429,0.0
2022-01-11,1,161971,4114,97447,5690,54721,0,150730.2857,3950.8571,71891.2857,4121.1429,70766.8571,0.0
2022-01-12,-1,161972,4114,97448,5690,54721,0,163027.5714,4128.0,83043.2857,4719.1429,71137.1429,0.0
2022-01-13,0,332418,6308,241359,9667,75084,0,194164.5714,4463.7143,112871.7143,5853.1429,70976.0,0.0
2022-01-14,0,407747,4698,287830,8378,106841,0,221431.7143,4510.5714,145203.7143,6641.8571,65075.5714,0.0
2022-01-15,1,168752,2190,124583,4498,37480,0,222400.4286,4235.8571,149080.2857,6471.7143,62612.7143,0.0
2022-01-16,-1,168752,2190,124584,4499,37480,0,223369.1429,3961.0,152957.0,6301.5714,60149.7143,0.0
2022-01-17,0,448800,6172,316651,11880,114097,0,264344.5714,4255.1429,184271.7143,7186.0,68632.0,0.0
2022-01-18,0,441626,4824,332729,11908,92165,0,304295.2857,4356.5714,217883.4286,8074.2857,73981.1429,0.0
2022-01-19,0,466453,5056,366242,16718,78437,0,347792.5714,4491.1429,256282.5714,9649.7143,77369.1429,0.0
2022-01-20,0,470746,5805,331895,14518,118528,0,367553.7143,4419.2857,269216.2857,10342.7143,83575.4286,0.0
2022-01-21,0,498882,4274,387205,15353,92050,0,380573.0,4358.7143,283412.7143,11339.1429,81462.4286,0.0
2022-01-22,1,206976,2177,152848,8050,43899,0,386033.5714,4356.8571,287450.5714,11846.5714,82379.4286,0.0
2022-01-23,-1,206976,2178,152849,8051,43900,0,391494.1429,4355.1429,291488.4286,12354.0,83296.5714,0.0
2022-01-24,0,388371,6950,175187,26421,179813,0,382861.4286,4466.2857,271279.2857,14431.2857,92684.5714,0.0
2022-01-25,0,358248,7641,144727,22117,183763,0,370950.2857,4868.7143,244421.8571,15889.7143,105770.0,0.0
2022-01-26,0,357751,5958,136998,32378,182417,0,355421.4286,4997.5714,211672.7143,18126.8571,120624.2857,0.0
2022-01-27,0,346077,4908,172242,25631,143296,0,337611.5714,4869.4286,188865.1429,19714.4286,124162.5714,0.0
2022-01-28,0,324787,3809,165083,19647,136248,0,312740.8571,4803.0,157133.4286,20327.8571,130476.5714,0.0
2022-01-29,1,35525,484,15361,2623,17056,0,288247.8571,4561.1429,137492.4286,19552.5714,126641.8571,0.0
2022-01-30,1,35525,484,15361,2623,17057,0,263754.8571,4319.1429,117851.2857,18777.1429,122807.1429,0.0
2022-01-31,1,35526,485,15361,2623,17057,0,213348.4286,3395.5714,95019.0,15377.4286,99556.2857,0.0
2022-02-01,1,35525,484,15361,2623,17057,0,167245.1429,2373.1429,76538.1429,12592.5714,75741.1429,0.0
2022-02-02,1,35525,484,15361,2623,17056,0,121212.8571,1591.1429,59161.4286,8341.8571,52118.1429,0.0
2022-02-03,1,35526,485,15361,2623,17057,0,76848.4286,959.2857,36749.8571,5055.0,34084.0,0.0
2022-02-04,1,35525,484,15361,2623,17057,0,35525.2857,484.2857,15361.0,2623.0,17056.7143,0.0
2022-02-05,1,35525,484,15361,2623,17057,0,35525.2857,484.2857,15361.0,2623.0,17056.8571,0.0
2022-02-06,-1,35526,485,15362,2624,17057,0,35525.4286,484.4286,15361.1429,2623.1429,17056.8571,0.0
2022-02-07,0,190399,3641,37936,27905,120917,0,57650.1429,935.2857,18586.1429,6234.8571,31894.0,0.0
2022-02-08,0,216536,3462,43746,19867,149461,0,83508.8571,1360.7143,22641.1429,8698.2857,50808.8571,0.0
2022-02-09,0,261833,3416,116655,22774,118988,0,115838.5714,1779.5714,37111.7143,11577.0,65370.5714,0.0
2022-02-10,0,328562,3199,212441,18621,94301,0,157700.8571,2167.2857,65266.0,13862.4286,76405.4286,0.0
2022-02-11,0,373724,2840,286229,14265,70390,0,206015.0,2503.8571,103961.4286,15525.5714,84024.4286,0.0
2022-02-12,1,137103,1359,103109,5703,26932,0,220526.1429,2628.8571,116496.8571,15965.5714,85435.1429,0.0
2022-02-13,-1,137104,1359,103109,5704,26932,0,235037.2857,2753.7143,129032.1429,16405.5714,86845.8571,0.0
2022-02-14,0,291196,5227,164979,24681,96309,0,249436.8571,2980.2857,147181.1429,15945.0,83330.4286,0.0
2022-02-15,0,294984,4010,164931,15666,110377,0,260643.7143,3058.5714,164493.2857,15344.8571,77747.0,0.0
2022-02-16,0,335241,3215,211565,18470,101991,0,271130.5714,3029.8571,178051.8571,14730.0,75318.8571,0.0
2022-02-17,0,316552,3152,219584,12195,81621,0,269414.8571,3023.1429,179072.2857,13812.0,73507.4286,0.0
2022-02-18,0,331715,3576,204110,10051,113978,0,263413.5714,3128.2857,167341.0,13210.0,79734.2857,0.0
2022-02-19,1,127739,1183,77925,4175,44454,0,262075.8571,3103.1429,163743.2857,12991.7143,82237.4286,0.0
2022-02-20,-1,127739,1184,77926,4176,44455,0,260738.0,3078.1429,160145.7143,12773.4286,84740.7143,0.0
2022-02-21,0,194544,3441,74041,10586,106476,0,246930.5714,2823.0,147154.5714,10759.8571,86193.1429,0.0
2022-02-22,0,176862,2154,52211,9697,112800,0,230056.0,2557.8571,131051.7143,9907.1429,86539.2857,0.0
2022-02-23,0,163062,2165,63630,12525,84742,0,205459.0,2407.8571,109918.1429,9057.8571,84075.1429,0.0
2022-02-24,0,189372,2855,109645,8887,67985,0,187290.4286,2365.4286,94212.5714,8585.2857,82127.1429,0.0
2022-02-25,0,315593,1989,234749,7861,70994,0,184987.2857,2138.7143,98589.5714,8272.4286,75986.5714,0.0
2022-02-26,1,111511,695,78852,3809,28154,0,182669.0,2069.0,98722.0,8220.1429,73658.0,0.0
2022-02-27,1,111511,695,78852,3809,28155,0,180350.7143,1999.1429,98854.2857,8167.7143,71329.4286,0.0
2022-02-28,-1,111511,695,78853,3809,28155,0,168488.8571,1606.8571,99541.7143,7199.5714,60140.7143,0.0
2022-03-01,0,179640,1543,101225,6301,70571,0,168885.7143,1519.5714,106543.7143,6714.4286,54108.0,0.0
2022-03-02,0,145494,1372,97947,7873,38302,0,166376.0,1406.2857,111446.1429,6049.8571,47473.7143,0.0
2022-03-03,0,136890,1915,95210,6251,33514,0,158878.5714,1272.0,109384.0,5673.2857,42549.2857,0.0
2022-03-04,0,184266,1411,133595,5415,43845,0,140117.5714,1189.4286,94933.4286,5323.8571,38670.8571,0.0
2022-03-05,1,77079,473,44431,2499,29676,0,135198.7143,1157.7143,90016.1429,5136.7143,38888.2857,0.0
2022-03-06,-1,77080,474,44431,2499,29676,0,130280.0,1126.1429,85098.8571,4949.5714,39105.5714,0.0
2022-03-07,0,119815,1529,60984,4286,53016,0,131466.2857,1245.2857,82546.1429,5017.7143,42657.1429,0.0
2022-03-08,0,98560,1094,50070,4567,42829,0,119883.4286,1181.1429,75238.2857,4770.0,38694.0,0.0
2022-03-09,0,89539,1182,57127,6617,24613,0,111889.8571,1154.0,69406.8571,4590.5714,36738.4286,0.0
2022-03-10,0,93320,1147,65747,4545,21881,0,105665.5714,1044.2857,65197.8571,4346.8571,35076.5714,0.0
2022-03-11,0,120256,1420,88176,4296,26364,0,96521.2857,1045.5714,58709.4286,4187.0,32579.2857,0.0
2022-03-12,1,47599,370,33231,2118,11880,0,92309.8571,1030.8571,57109.4286,4132.5714,30037.0,0.0
2022-03-13,-1,47599,370,33231,2118,11880,0,88098.2857,1016.0,55509.4286,4078.1429,27494.7143,0.0
2022-03-14,0,84376,910,49891,5507,28068,0,83035.5714,927.5714,53924.7143,4252.5714,23930.7143,0.0
2022-03-15,0,71570,827,43165,3676,23902,0,79179.8571,889.4286,52938.2857,4125.2857,21226.8571,0.0
2022-03-16,0,59993,967,32886,4178,21962,0,74959.0,858.7143,49475.2857,3776.8571,20848.1429,0.0
2022-03-17,0,80228,805,49460,3600,26363,0,73088.7143,809.8571,47148.5714,3641.8571,21488.4286,0.0
2022-03-18,0,93095,1091,52294,3168,36542,0,69208.5714,762.8571,42022.5714,3480.7143,22942.4286,0.0
2022-03-19,1,35069,329,18412,1666,14661,0,67418.5714,757.0,39905.5714,3416.1429,23339.7143,0.0
2022-03-20,-1,35069,329,18412,1667,14662,0,65628.5714,751.1429,37788.5714,3351.7143,23737.1429,0.0
2022-03-21,0,80722,580,44575,2733,32834,0,65106.5714,704.0,37029.1429,2955.4286,24418.0,0.0
2022-03-22,0,61884,528,35341,2124,23891,0,63722.8571,661.2857,35911.4286,2733.7143,24416.4286,0.0
2022-03-23,0,54913,774,27397,2574,24168,0,62997.1429,633.7143,35127.2857,2504.5714,24731.5714,0.0
2022-03-24,0,34715,1024,27229,5448,1014,0,56495.2857,665.0,31951.4286,2768.5714,21110.2857,0.0
2022-03-25,0,52735,1115,46354,4448,818,0,50729.5714,668.4286,31102.8571,2951.4286,16006.8571,0.0
2022-03-26,1,20743,298,18425,1963,56,0,48683.0,664.0,31104.7143,2993.8571,13920.4286,0.0
2022-03-27,-1,20743,298,18426,1964,56,0,46636.4286,659.5714,31106.7143,3036.2857,11833.8571,0.0
2022-03-28,0,63261,1398,55707,5252,904,0,44142.0,776.4286,32697.0,3396.1429,7272.4286,0.0
2022-03-29,0,66475,1294,59299,5806,76,0,44797.8571,885.8571,36119.5714,3922.1429,3870.2857,0.0
2022-03-30,0,61177,1890,52333,7046,-92,0,45692.7143,1045.2857,39681.8571,4561.0,404.5714,0.0
2022-03-31,0,65120,1746,54887,8355,132,0,50036.2857,1148.4286,43633.0,4976.2857,278.5714,0.0
2022-04-01,0,100024,427,91962,7404,231,0,56791.8571,1050.1429,50148.4286,5398.5714,194.7143,0.0
2022-04-02,1,38311,263,35457,2557,33,0,59301.5714,1045.1429,52581.5714,5483.4286,191.4286,0.0
2022-04-03,1,38312,263,35458,2557,34,0,61811.4286,1040.1429,55014.7143,5568.1429,188.2857,0.0
2022-04-04,1,38311,263,35458,2557,33,0,58247.1429,878.0,52122.0,5183.1429,63.8571,0.0
2022-04-05,-1,38312,263,35458,2558,34,0,54223.8571,730.7143,48716.1429,4719.1429,57.8571,0.0
2022-04-06,0,85271,1427,74827,8953,64,0,57665.8571,664.5714,51929.5714,4991.5714,80.1429,0.0
2022-04-07,0,91624,1800,81008,9022,-206,0,61452.1429,672.2857,55661.1429,5086.8571,31.8571,0.0
2022-04-08,0,131164,1145,118883,10290,846,0,65900.7143,774.8571,59507.0,5499.1429,119.7143,0.0
2022-04-09,1,58918,460,52975,5115,368,0,68844.5714,803.0,62009.5714,5864.5714,167.5714,0.0
2022-04-10,-1,58918,460,52975,5115,368,0,71788.2857,831.1429,64512.0,6230.0,215.2857,0.0
2022-04-11,0,103698,1195,91575,10908,20,0,81129.2857,964.2857,72528.7143,7423.0,213.4286,0.0
2022-04-12,0,93859,1364,83607,8858,30,0,89064.5714,1121.5714,79407.1429,8323.0,212.8571,0.0
2022-04-13,0,99660,1327,86129,11941,263,0,91120.1429,1107.2857,81021.7143,8749.8571,241.2857,0.0
2022-04-14,0,109461,1811,94382,12682,586,0,93668.2857,1108.8571,82932.2857,9272.7143,354.4286,0.0
2022-04-15,0,164920,1814,148731,13686,689,0,98490.5714,1204.4286,87196.2857,9757.8571,332.0,0.0
2022-04-16,1,102788,582,96104,5799,301,0,104757.7143,1221.8571,93357.5714,9855.5714,322.4286,0.0
2022-04-17,-1,102788,583,96105,5800,302,0,111024.8571,1239.4286,99519.0,9953.4286,313.0,0.0
2022-04-18,0,144525,1750,127156,15396,223,0,116857.2857,1318.7143,104602.0,10594.5714,342.0,0.0
2022-04-19,0,115642,1828,100787,12478,549,0,119969.1429,1385.0,107056.2857,11111.7143,416.1429,0.0
2022-04-20,0,124290,1892,104413,17422,563,0,123487.7143,1465.7143,109668.2857,11894.7143,459.0,0.0
2022-04-21,0,141917,2530,115947,23316,124,0,128124.2857,1568.4286,112749.0,13413.8571,393.0,0.0
2022-04-22,0,167573,2586,143146,21676,165,0,128503.2857,1678.7143,111951.1429,14555.2857,318.1429,0.0
2022-04-23,1,63420,962,51064,11394,0,0,122879.2857,1733.0,105516.8571,15354.5714,275.1429,0.0
2022-04-24,-1,63421,962,51065,11394,0,0,117255.4286,1787.1429,99082.5714,16153.7143,232.0,0.0
2022-04-25,0,123259,1838,93883,25648,1890,0,114217.4286,1799.7143,94329.2857,17618.2857,470.1429,0.0
2022-04-26,0,96746,2198,71740,22594,214,0,111518.0,1852.5714,90179.7143,19063.4286,422.2857,0.0
2022-04-27,0,102459,2512,71030,29206,-289,0,108399.2857,1941.1429,85410.7143,20746.8571,300.5714,0.0
2022-04-28,0,102305,2647,75941,23567,150,0,102740.4286,1957.8571,79695.5714,20782.7143,304.2857,0.0
2022-04-29,0,121002,2336,97677,20812,177,0,96087.4286,1922.1429,73200.0,20659.2857,306.0,0.0
2022-04-30,1,46342,1242,36723,8545,-168,0,93647.7143,1962.1429,71151.2857,20252.2857,282.0,0.0
2022-05-01,-1,46343,1243,36723,8545,-168,0,91208.0,2002.2857,69102.4286,19845.2857,258.0,0.0
2022-05-02,0,73844,1773,56083,15907,81,0,84148.7143,1993.0,63702.4286,18453.7143,-0.4286,0.0
2022-05-03,0,78911,1786,63046,14100,-21,0,81600.8571,1934.1429,62460.4286,17240.2857,-34.0,0.0
2022-05-04,0,128365,1697,112363,14161,144,0,85301.7143,1817.7143,68365.1429,15091.0,27.8571,0.0
2022-05-05,0,100221,1316,85669,13193,43,0,85004.0,1627.5714,69754.8571,13609.0,12.5714,0.0
2022-05-06,0,126783,1179,114300,11495,-191,0,85829.8571,1462.2857,72129.5714,12278.0,-40.0,0.0
2022-05-07,1,50430,822,44169,5305,133,0,86413.8571,1402.2857,73193.2857,11815.1429,3.0,0.0
2022-05-08,-1,50431,822,44170,5306,134,0,86997.8571,1342.1429,74257.1429,11352.4286,46.1429,0.0
2022-05-09,0,78060,1046,67652,9542,-180,0,87600.1429,1238.2857,75909.8571,10443.1429,8.8571,0.0
2022-05-10,0,74509,1179,65274,7995,61,0,86971.2857,1151.5714,76228.1429,9571.0,20.5714,0.0
2022-05-11,0,80039,1119,70732,8343,-155,0,80067.5714,1069.0,70280.8571,8739.8571,-22.1429,0.0
2022-05-12,0,79806,947,70596,8160,103,0,77151.1429,1016.2857,68127.5714,8020.8571,-13.5714,0.0
2022-05-13,0,126793,740,118093,8019,-59,0,77152.5714,953.5714,68669.4286,7524.2857,5.2857,0.0
2022-05-14,1,44550,315,40685,3545,5,0,76312.5714,881.1429,68171.7143,7272.8571,-13.0,0.0
2022-05-15,-1,44550,315,40685,3545,5,0,75472.4286,808.7143,67673.8571,7021.2857,-31.4286,0.0
2022-05-16,0,75661,957,66968,7618,118,0,75129.7143,796.0,67576.1429,6746.4286,11.1429,0.0
2022-05-17,0,78452,781,70853,6881,-63,0,75693.0,739.1429,68373.1429,6587.2857,-6.5714,0.0
2022-05-18,0,78230,708,68424,9058,40,0,75434.5714,680.4286,68043.4286,6689.4286,21.2857,0.0
2022-05-19,0,81127,638,71315,9121,53,0,75623.2857,636.2857,68146.1429,6826.7143,14.1429,0.0
2022-05-20,0,109614,528,100559,7877,650,0,73169.1429,606.0,65641.2857,6806.4286,115.4286,0.0
2022-05-21,1,43689,278,33209,4318,5883,0,73046.1429,600.7143,64573.2857,6916.8571,955.1429,0.0
2022-05-22,-1,43689,279,33210,4318,5883,0,72923.1429,595.5714,63505.4286,7027.2857,1794.8571,0.0
2022-05-23,0,67792,480,46565,7627,13120,0,71799.0,527.4286,60590.7143,7028.5714,3652.2857,0.0
2022-05-24,0,61559,487,38891,5639,16542,0,69385.7143,485.4286,56024.7143,6851.1429,6024.4286,0.0
2022-05-25,0,92757,612,35766,6318,50061,0,71461.0,471.7143,51359.2857,6459.7143,13170.2857,0.0
2022-05-26,0,125136,385,31341,6994,86416,0,77748.0,435.5714,45648.7143,6155.8571,25507.8571,0.0
2022-05-27,0,149217,332,40586,7697,100602,0,83405.5714,407.5714,37081.1429,6130.1429,39786.7143,0.0
2022-05-28,1,75210,140,12957,2033,60079,0,87908.5714,387.8571,34188.0,5803.7143,47529.0,0.0
2022-05-29,-1,75210,141,12957,2034,60079,0,92411.5714,368.1429,31294.7143,5477.4286,55271.2857,0.0
2022-05-30,0,116728,286,24018,5851,86573,0,99402.4286,340.4286,28073.7143,5223.7143,65764.5714,0.0
2022-05-31,0,138024,346,20692,4383,112603,0,110326.0,320.2857,25473.8571,5044.2857,79487.5714,0.0
2022-06-01,0,160559,170,18070,4586,137733,0,120012.0,257.1429,22945.8571,4796.8571,92012.1429,0.0
2022-06-02,0,220905,137,20988,5457,194323,0,133693.2857,221.7143,21466.8571,4577.2857,107427.4286,0.0
2022-06-03,0,79556,30,10141,1642,67743,0,123741.7143,178.5714,17117.5714,3712.2857,102733.2857,0.0
2022-06-04,1,37354,55,6823,1697,28778,0,118333.7143,166.4286,16241.2857,3664.2857,98261.7143,0.0
2022-06-05,-1,37355,55,6824,1698,28779,0,112925.8571,154.1429,15365.1429,3616.2857,93790.2857,0.0
2022-06-06,0,116694,125,18895,4497,93177,0,112921.0,131.1429,14633.2857,3422.8571,94733.7143,0.0
2022-06-07,0,104057,128,12548,3197,88184,0,108068.5714,100.0,13469.8571,3253.4286,91245.2857,0.0
2022-06-08,0,110749,99,10310,3987,96353,0,100952.8571,89.8571,12361.2857,3167.8571,85333.8571,0.0
2022-06-09,0,113528,187,11532,4253,97556,0,85613.2857,97.0,11010.4286,2995.8571,71510.0,0.0
2022-06-10,0,164556,126,16885,6420,141125,0,97756.1429,110.7143,11973.8571,3678.4286,81993.1429,0.0
2022-06-11,1,27765,40,6548,915,20261,0,96386.2857,108.5714,11934.5714,3566.7143,80776.4286,0.0
2022-06-12,-1,27766,41,6548,916,20262,0,95016.4286,106.5714,11895.1429,3455.0,79559.7143,0.0
2022-06-13,0,73425,219,27238,4177,41791,0,88835.1429,120.0,13087.0,3409.2857,72218.8571,0.0
2022-06-14,0,70779,173,25591,3441,41574,0,84081.1429,126.4286,14950.2857,3444.1429,65560.2857,0.0
2022-06-15,0,84152,158,31718,4410,47866,0,80281.5714,134.8571,18008.5714,3504.5714,58633.5714,0.0
2022-06-16,0,94826,128,34438,3854,56406,0,77609.8571,126.4286,21280.8571,3447.5714,52755.0,0.0
2022-06-17,0,152136,164,63017,6314,82641,0,75835.5714,131.8571,27871.1429,3432.4286,44400.1429,0.0
2022-06-18,1,41689,70,28385,807,12427,0,77824.7143,136.1429,30990.7143,3417.0,43281.0,0.0
2022-06-19,-1,41690,70,28385,807,12428,0,79813.8571,140.2857,34110.2857,3401.4286,42161.8571,0.0
2022-06-20,0,104329,203,71332,4425,28369,0,84228.7143,138.0,40409.4286,3436.8571,40244.4286,0.0
2022-06-21,0,97673,356,68938,3994,24385,0,88070.7143,164.1429,46601.8571,3515.8571,37788.8571,0.0
2022-06-22,0,157964,125,120345,4609,32885,0,98615.2857,159.4286,59262.8571,3544.2857,35648.7143,0.0
2022-06-23,0,147491,173,114718,4692,27908,0,106138.8571,165.8571,70731.4286,3664.0,31577.5714,0.0
2022-06-24,0,125286,134,78637,4889,41626,0,102303.1429,161.5714,72962.8571,3460.4286,25718.2857,0.0
2022-06-25,1,44655,42,28010,1875,14727,0,102726.8571,157.5714,72909.2857,3613.0,26046.8571,0.0
2022-06-26,-1,44656,43,28010,1876,14728,0,103150.5714,153.7143,72855.7143,3765.7143,26375.4286,0.0
2022-06-27,0,98221,112,70078,4958,23073,0,102278.0,140.7143,72676.5714,3841.8571,25618.8571,0.0
2022-06-28,0,92312,173,55917,3869,32353,0,101512.1429,114.5714,70816.4286,3824.0,26757.1429,0.0
2022-06-29,0,112328,96,59265,4108,48859,0,94992.7143,110.4286,62090.7143,3752.4286,29039.1429,0.0
2022-06-30,0,113570,127,55346,3444,54653,0,90146.8571,103.8571,53609.0,3574.1429,32859.8571,0.0
2022-07-01,0,104508,136,46213,4805,53354,0,87178.5714,104.1429,48977.0,3562.1429,34535.2857,0.0
2022-07-02,1,31821,37,14287,14,17482,0,85345.1429,103.4286,47016.5714,3296.2857,34928.8571,0.0
2022-07-03,-1,31821,37,14288,15,17482,0,83511.5714,102.5714,45056.2857,3030.4286,35322.2857,0.0
2022-07-04,0,76417,63,32601,2282,41471,0,80396.7143,95.5714,39702.4286,2648.1429,37950.5714,0.0
2022-07-05,0,87968,125,43036,2211,42596,0,79776.1429,88.7143,37862.2857,2411.2857,39413.8571,0.0
2022-07-06,0,83586,178,35569,2918,44921,0,75670.1429,100.4286,34477.1429,2241.2857,38851.2857,0.0
2022-07-07,0,77108,93,33922,2377,40716,0,70461.2857,95.5714,31416.5714,2088.8571,36860.2857,0.0
2022-07-08,0,94711,56,43860,2624,46219,1952,69061.7143,84.1429,31080.4286,1777.2857,35841.0,278.8571
2022-07-09,1,25629,35,9908,1130,10733,3821,68177.1429,83.8571,30454.8571,1936.7143,34876.8571,824.7143
2022-07-10,-1,25629,36,9909,1131,10733,3822,67292.5714,83.7143,29829.2857,2096.1429,33912.7143,1370.7143
2022-07-11,0,46330,77,21086,2217,11971,10979,62994.4286,85.7143,28184.2857,2086.8571,29698.4286,2939.1429
2022-07-12,0,44697,78,22782,1848,12026,7963,56812.8571,79.0,25290.8571,2035.0,25331.2857,4076.7143
2022-07-13,0,41636,59,19313,1903,9772,10589,50820.0,62.0,22968.5714,1890.0,20310.0,5589.4286
2022-07-14,0,39897,92,16378,1823,10119,11485,45504.1429,61.8571,20462.2857,1810.8571,15939.0,7230.1429
2022-07-15,0,55744,17,25313,3871,11919,14624,39937.4286,56.2857,17812.7143,1989.0,11039.0,9040.4286
2022-07-16,1,14836,23,5513,-295,6689,2905,38395.5714,54.5714,17184.8571,1785.4286,10461.2857,8909.5714
2022-07-17,-1,14837,24,5513,-294,6690,2905,36853.8571,52.8571,16556.8571,1581.8571,9883.7143,8778.5714
2022-07-18,0,35707,115,21121,1840,6827,5804,35336.2857,58.2857,16561.8571,1528.0,9148.8571,8039.2857
2022-07-19,0,35290,84,20209,1733,8252,5012,33992.4286,59.1429,16194.2857,1511.5714,8609.7143,7617.7143
2022-07-20,0,33702,75,16145,1825,9134,6523,32859.0,61.4286,15741.7143,1500.4286,8518.5714,7036.8571
2022-07-21,0,44958,119,28044,2445,7830,6520,33582.0,65.2857,17408.2857,1589.2857,8191.5714,6327.5714
2022-07-22,0,111149,41,77177,5559,11346,17026,41497.0,68.7143,24817.4286,1830.4286,8109.7143,6670.7143
2022-07-23,1,44122,16,33072,367,6343,4323,45680.7143,67.7143,28754.4286,1925.0,8060.2857,6873.2857
2022-07-24,-1,44123,17,33073,367,6343,4324,49864.4286,66.7143,32691.5714,2019.4286,8010.7143,7076.0
2022-07-25,0,73390,68,54415,3714,6498,8695,55247.7143,60.0,37447.8571,2287.1429,7963.7143,7489.0
2022-07-26,0,76416,55,53821,3211,8737,10592,61122.8571,55.8571,42249.5714,2498.2857,8033.0,8286.1429
2022-07-27,0,71404,94,43561,3712,8475,15562,66508.8571,58.5714,46166.1429,2767.8571,7938.8571,9577.4286
2022-07-28,0,79427,125,52104,4093,7815,15290,71433.0,59.4286,49603.2857,3003.2857,7936.7143,10830.2857
2022-07-29,0,83436,48,51705,2736,10598,18349,67474.0,60.4286,45964.4286,2600.0,7829.8571,11019.2857
2022-07-30,1,27010,31,15337,1160,6868,3613,65029.4286,62.5714,43430.8571,2713.2857,7904.8571,10917.8571
2022-07-31,-1,27010,32,15337,1160,6868,3614,62584.7143,64.7143,40897.1429,2826.5714,7979.8571,10816.4286
2022-08-01,0,39350,39,27250,2206,5052,4803,57721.8571,60.5714,37016.4286,2611.1429,7773.2857,10260.4286
2022-08-02,0,37710,34,23245,1819,7490,5122,52192.4286,57.5714,32648.4286,2412.2857,7595.1429,9479.0
2022-08-03,0,34767,25,18262,1759,8312,6409,46958.5714,47.7143,29034.2857,2133.2857,7571.8571,8171.4286
2022-08-04,0,33983,92,16110,2074,7291,8416,40466.5714,43.0,23892.2857,1844.8571,7497.0,7189.4286
2022-08-05,0,47580,33,27120,2377,9568,8482,35344.2857,40.8571,20380.1429,1793.5714,7349.8571,5779.8571
2022-08-06,1,17150,5,8691,915,5672,1866,33935.7143,37.1429,19430.7143,1758.5714,7179.0,5530.2857
2022-08-07,-1,17150,5,8691,915,5673,1867,32527.1429,33.2857,18481.2857,1723.5714,7008.2857,5280.7143
2022-08-08,0,26875,24,17168,1947,4136,3600,30745.0,31.1429,17041.0,1686.5714,6877.4286,5108.8571
2022-08-09,0,29033,33,17324,1570,6037,4069,29505.4286,31.0,16195.1429,1651.0,6669.8571,4958.4286
2022-08-10,0,30912,7,16490,1566,7198,5651,28954.7143,28.4286,15942.0,1623.4286,6510.7143,4850.1429
2022-08-11,0,35817,69,20747,2036,5814,7151,29216.7143,25.1429,16604.4286,1618.0,6299.7143,4669.4286
2022-08-12,0,43876,21,27054,2007,8048,6746,28687.5714,23.4286,16595.0,1565.1429,6082.5714,4421.4286
2022-08-13,1,20723,6,11123,894,7205,1493,29198.0,23.5714,16942.4286,1562.1429,6301.5714,4368.1429
2022-08-14,-1,20723,7,11123,895,7206,1494,29708.4286,23.8571,17289.8571,1559.2857,6520.5714,4314.8571
2022-08-15,0,32401,16,19510,1943,7205,3727,30497.8571,22.7143,17624.4286,1558.7143,6959.0,4333.0
2022-08-16,0,36351,54,20158,1886,9425,4828,31543.2857,25.7143,18029.2857,1603.8571,7443.0,4441.4286
2022-08-17,0,37375,75,19096,2321,10007,5876,32466.5714,35.4286,18401.5714,1711.7143,7844.2857,4473.5714
2022-08-18,0,37833,45,19031,2164,9266,7327,32754.5714,32.0,18156.4286,1730.0,8337.4286,4498.7143
2022-08-19,0,54064,38,27976,1944,14096,10010,34210.0,34.4286,18288.1429,1721.0,9201.4286,4965.0
2022-08-20,1,22775,12,11143,951,8627,2040,34503.1429,35.2857,18291.0,1729.1429,9404.5714,5043.1429
2022-08-21,-1,22775,13,11143,952,8628,2041,34796.2857,36.1429,18293.8571,1737.2857,9607.7143,5121.2857
2022-08-22,0,36158,33,22562,2000,7253,4310,35333.0,38.5714,18729.8571,1745.4286,9614.5714,5204.5714
2022-08-23,0,40747,16,22209,1752,11395,5375,35961.0,33.1429,19022.8571,1726.2857,9896.0,5282.7143
2022-08-24,0,42164,33,20477,2041,12952,6661,36645.1429,27.1429,19220.1429,1686.2857,10316.7143,5394.8571
2022-08-25,0,41873,46,18452,2177,12115,9083,37222.2857,27.2857,19137.4286,1688.1429,10723.7143,5645.7143
2022-08-26,0,55985,48,26032,1865,17282,10758,37496.7143,28.7143,18859.7143,1676.8571,11178.8571,5752.5714
2022-08-27,1,39194,13,18062,711,18092,2315,39842.2857,28.8571,19848.1429,1642.5714,12531.0,5791.8571
2022-08-28,-1,39194,14,18062,711,18092,2316,42187.8571,29.0,20836.5714,1608.1429,13883.0,5831.1429
2022-08-29,0,40337,42,19572,2008,14962,3753,42784.8571,30.2857,20409.4286,1609.2857,14984.2857,5751.5714
2022-08-30,0,44359,25,19348,1751,18902,4333,43300.8571,31.5714,20000.7143,1609.1429,16056.7143,5602.7143
2022-08-31,0,43513,26,20121,1993,15969,5404,43493.5714,30.5714,19949.8571,1602.2857,16487.7143,5423.1429
2022-09-01,0,39573,4,18660,1983,12152,6774,43165.0,24.5714,19979.5714,1574.5714,16493.0,5093.2857
2022-09-02,0,52449,4,23775,1858,19777,7035,42659.8571,18.2857,19657.1429,1573.5714,16849.4286,4561.4286
2022-09-03,1,26281,-1,10399,767,13718,1397,40815.1429,16.2857,18562.4286,1581.5714,16224.5714,4430.2857
2022-09-04,-1,26282,-1,10400,767,13719,1398,38970.5714,14.1429,17467.8571,1589.5714,15599.8571,4299.1429
2022-09-05,0,38763,2,23426,2084,10576,2675,38745.7143,8.4286,18018.4286,1600.4286,14973.2857,4145.1429
2022-09-06,1,43331,-2,19137,1895,18602,3697,38598.8571,4.5714,17988.2857,1621.0,14930.4286,4054.2857
2022-09-07,-1,43332,-1,19138,1896,18603,3698,38573.0,0.7143,17847.8571,1607.1429,15306.7143,3810.5714
2022-09-08,0,63668,1,29738,2122,24436,7371,42015.1429,0.2857,19430.4286,1627.0,17061.5714,3895.8571
2022-09-09,0,34368,1,14890,1043,15759,2675,39432.1429,-0.1429,18161.1429,1510.5714,16487.5714,3273.0
2022-09-10,1,8255,-1,3436,426,3930,463,36857.0,-0.1429,17166.4286,1461.8571,15089.2857,3139.5714
2022-09-11,-1,8256,0,3436,427,3931,463,34281.8571,0.0,16171.5714,1413.2857,13691.0,3006.0
2022-09-12,0,29773,4,16204,1648,10977,940,32997.5714,0.2857,15139.8571,1351.0,13748.2857,2758.1429
2022-09-13,0,31902,3,17121,1496,12322,960,31364.8571,1.0,14851.8571,1294.0,12851.1429,2367.1429
2022-09-14,0,34393,5,16536,2189,14215,1448,30087.8571,1.8571,14480.1429,1335.8571,12224.2857,2045.7143
2022-09-15,0,29422,0,15713,1694,10737,1278,25195.5714,1.7143,12476.5714,1274.7143,10267.2857,1175.2857
2022-09-16,0,54132,4,23394,4077,24672,1985,28019.0,2.1429,13691.4286,1708.1429,11540.5714,1076.7143
2022-09-17,1,18026,1,7418,870,9226,511,29414.8571,2.4286,14260.2857,1771.5714,12297.1429,1083.5714
2022-09-18,-1,18027,1,7418,870,9226,512,30810.7143,2.5714,14829.1429,1834.8571,13053.5714,1090.5714
2022-09-19,0,26238,-2,15486,-334,9863,1225,30305.7143,1.7143,14726.5714,1551.7143,12894.4286,1131.2857
2022-09-20,0,35351,0,15765,1524,16728,1334,30798.4286,1.2857,14532.8571,1555.7143,13523.8571,1184.7143
2022-09-21,0,29383,4,14219,1518,12390,1252,30082.7143,1.1429,14201.8571,1459.8571,13263.1429,1156.7143
2022-09-22,0,32433,3,14723,1595,14236,1876,30512.8571,1.5714,14060.4286,1445.7143,13763.0,1242.1429
2022-09-23,0,49706,3,19790,1344,26866,1703,29880.5714,1.4286,13545.5714,1055.2857,14076.4286,1201.8571
2022-09-24,0,34191,3,13383,1334,18599,872,32189.8571,1.7143,14397.7143,1121.5714,15415.4286,1253.4286
2022-09-25,1,10497,2,5274,610,4203,407,31114.1429,1.8571,14091.4286,1084.4286,14697.8571,1238.4286
2022-09-26,-1,10497,2,5275,610,4203,408,28865.4286,2.4286,12632.7143,1219.2857,13889.2857,1121.7143
2022-09-27,0,24827,7,11602,1139,10373,1706,27362.0,3.4286,12038.0,1164.2857,12981.4286,1174.8571
2022-09-28,0,28284,9,10751,1204,14957,1363,27205.0,4.1429,11542.5714,1119.4286,13348.1429,1190.7143
2022-09-29,0,25570,9,10462,949,13284,866,26224.5714,5.0,10933.8571,1027.1429,13212.1429,1046.4286
2022-09-30,0,38562,0,14702,3236,19586,1038,24632.5714,4.5714,10207.0,1297.4286,12172.1429,951.4286
2022-10-01,0,20023,0,8539,-1412,12271,625,22608.5714,4.1429,9515.0,905.1429,11268.1429,916.1429
2022-10-02,1,7471,2,3270,367,2282,1549,22176.2857,4.1429,9228.7143,870.4286,10993.7143,1079.2857
2022-10-03,-1,7471,2,3270,367,2283,1550,21744.0,4.1429,8942.2857,835.7143,10719.4286,1242.4286
2022-10-04,0,16258,-17,6935,727,6959,1654,20519.8571,0.7143,8275.5714,776.8571,10231.7143,1235.0
2022-10-05,0,17580,8,5616,721,9251,1984,18990.7143,0.5714,7542.0,707.8571,9416.5714,1323.7143
2022-10-06,0,15871,6,6310,1067,6424,2064,17605.1429,0.1429,6948.8571,724.7143,8436.5714,1494.8571
2022-10-07,0,22953,0,6463,2941,11066,2483,15375.2857,0.1429,5771.8571,682.5714,7219.4286,1701.2857
2022-10-08,0,29014,7,10808,-1162,16502,2859,16659.7143,1.1429,6096.0,718.2857,7823.8571,2020.4286
2022-10-09,1,4626,4,1567,953,1649,452,16253.2857,1.4286,5852.7143,802.0,7733.4286,1863.7143
2022-10-10,1,4626,4,1567,953,1649,453,15846.8571,1.7143,5609.4286,885.7143,7642.8571,1707.0
2022-10-11,-1,4627,5,1567,954,1649,453,14185.2857,4.8571,4842.5714,918.1429,6884.2857,1535.4286
2022-10-12,0,12552,-12,4257,723,6062,1522,13467.0,2.0,4648.4286,918.4286,6428.7143,1469.4286
2022-10-13,0,12610,41,4171,823,5685,1890,13001.1429,7.0,4342.8571,883.5714,6323.1429,1444.5714
2022-10-14,0,18196,9,4912,614,8646,4015,12321.5714,8.2857,4121.2857,551.1429,5977.4286,1663.4286
2022-10-15,0,20747,0,6288,664,12078,1717,11140.5714,7.2857,3475.5714,812.0,5345.4286,1500.2857
2022-10-16,1,4408,1,1796,284,1769,557,11109.4286,6.8571,3508.2857,716.4286,5362.5714,1515.2857
2022-10-17,-1,4408,2,1797,284,1769,557,11078.2857,6.5714,3541.1429,620.8571,5379.7143,1530.1429
2022-10-18,0,9954,6,3581,447,4802,1118,11839.2857,6.7143,3828.8571,548.4286,5830.1429,1625.1429
2022-10-19,0,10993,13,2733,585,6292,1370,11616.5714,10.2857,3611.1429,528.7143,5863.0,1603.4286
2022-10-20,0,10685,7,3198,627,5199,1654,11341.5714,5.4286,3472.1429,500.7143,5793.5714,1569.7143
2022-10-21,1,15232,1,3540,442,9141,2107,10918.1429,4.2857,3276.1429,476.1429,5864.2857,1297.1429
2022-10-22,-1,15233,2,3541,442,9142,2107,10130.4286,4.5714,2883.7143,444.4286,5444.8571,1352.8571
2022-10-23,1,3871,1,1296,188,1851,534,10053.7143,4.5714,2812.2857,430.7143,5456.5714,1349.5714
2022-10-24,-1,3871,2,1296,188,1851,535,9977.0,4.5714,2740.7143,417.0,5468.2857,1346.4286
2022-10-25,0,9055,46,2371,383,5224,1031,9848.5714,10.2857,2567.8571,407.8571,5528.5714,1334.0
2022-10-26,0,9267,10,1740,444,5881,1192,9602.0,9.8571,2426.0,387.7143,5469.8571,1308.5714
2022-10-27,0,8265,4,2015,416,4567,1263,9256.2857,9.4286,2257.0,357.5714,5379.5714,1252.7143
2022-10-28,0,9562,-1,1829,450,5862,1422,8446.2857,9.1429,2012.5714,358.7143,4911.1429,1154.8571
2022-10-29,0,13786,2,4326,471,6650,2337,8239.5714,9.1429,2124.7143,362.8571,4555.1429,1187.7143
2022-10-30,1,2983,5,838,119,1632,388,8112.7143,9.7143,2059.2857,353.0,4523.8571,1166.8571
2022-10-31,-1,2984,5,839,120,1633,388,7986.0,10.1429,1994.0,343.2857,4492.7143,1145.8571
2022-11-01,0,7044,8,2170,372,3578,916,7698.7143,4.7143,1965.2857,341.7143,4257.5714,1129.4286
2022-11-02,0,7680,3,1834,372,4262,1209,7472.0,3.7143,1978.7143,331.4286,4026.2857,1131.8571
2022-11-03,0,8115,-3,2138,510,4176,1294,7450.5714,2.7143,1996.2857,344.8571,3970.4286,1136.2857
2022-11-04,0,10614,205,2861,493,5617,1438,7600.8571,32.1429,2143.7143,351.0,3935.4286,1138.5714
2022-11-05,0,11261,0,3545,444,5188,2084,7240.1429,31.8571,2032.1429,347.1429,3726.5714,1102.4286
2022-11-06,1,3464,3,1684,338,1002,437,7308.8571,31.5714,2153.0,378.4286,3636.5714,1109.4286
2022-11-07,-1,3465,3,1685,338,1002,437,7377.5714,31.2857,2273.8571,409.5714,3546.4286,1116.4286
2022-11-08,0,6738,2,2192,377,3027,1140,7333.8571,30.4286,2277.0,410.2857,3467.7143,1148.4286
2022-11-09,0,6534,3,999,649,3699,1184,7170.1429,30.4286,2157.7143,449.8571,3387.2857,1144.8571
2022-11-10,0,6755,6,1380,179,3919,1271,6975.8571,31.7143,2049.4286,402.5714,3350.5714,1141.5714
2022-11-11,0,8747,4,1760,141,5536,1306,6709.1429,3.0,1892.1429,352.2857,3339.0,1122.7143
2022-11-12,0,9933,2,1959,227,5733,2012,6519.4286,3.2857,1665.5714,321.2857,3416.8571,1112.4286
2022-11-13,1,2667,1,805,269,1209,381,6405.5714,3.0,1540.0,311.4286,3446.4286,1104.4286
2022-11-14,-1,2667,1,806,270,1210,382,6291.5714,2.7143,1414.4286,301.7143,3476.1429,1096.5714
2022-11-15,0,7053,44,2606,283,3283,837,6336.5714,8.7143,1473.5714,288.2857,3512.7143,1053.2857
2022-11-16,0,7019,-6,1578,24,3904,1519,6405.8571,7.4286,1556.2857,199.0,3542.0,1101.1429
2022-11-17,0,6865,-66,1846,5,3779,1301,6421.5714,-2.8571,1622.8571,174.1429,3522.0,1105.4286
2022-11-18,0,7950,-5,2072,18,4582,1283,6307.7143,-4.1429,1667.4286,156.5714,3385.7143,1102.1429
2022-11-19,0,8257,-11,2215,4,4357,1692,6068.2857,-6.0,1704.0,124.7143,3189.1429,1056.4286
2022-11-20,0,-2039,12,-404,0,-655,-992,5396.0,-4.4286,1531.2857,86.2857,2922.8571,860.2857
2022-11-21,0,6618,-27,2116,39,2661,1829,5960.4286,-8.4286,1718.4286,53.2857,3130.1429,1067.0
2022-11-22,0,5031,-20,1734,17,2546,754,5671.5714,-17.5714,1593.8571,15.2857,3024.8571,1055.1429
2022-11-23,0,5857,-25,1366,9,3431,1076,5505.5714,-20.2857,1563.5714,13.1429,2957.2857,991.8571
2022-11-24,0,5260,-1,1254,10,3057,940,5276.2857,-11.0,1479.0,13.8571,2854.1429,940.2857
2022-11-25,0,7319,-4,1753,27,4561,982,5186.1429,-10.8571,1433.4286,15.1429,2851.1429,897.2857
2022-11-26,0,7198,0,1757,0,3952,1489,5034.8571,-9.2857,1368.0,14.5714,2793.2857,868.2857
2022-11-27,1,1870,0,575,4,1031,259,5593.2857,-11.0,1507.8571,15.1429,3034.1429,1047.0
2022-11-28,-1,1870,0,576,4,1032,259,4915.0,-7.1429,1287.8571,10.1429,2801.4286,822.7143
2022-11-29,0,4876,6,1653,0,2527,690,4892.8571,-3.4286,1276.2857,7.7143,2798.7143,813.5714
2022-11-30,0,5459,4,593,-40,4218,684,4836.0,0.7143,1165.8571,0.7143,2911.1429,757.5714
2022-12-01,0,5404,6,1454,3,3011,930,4856.5714,1.7143,1194.4286,-0.2857,2904.5714,756.1429
2022-12-02,1,8881,2,2422,37,5176,1242,5079.7143,2.5714,1290.0,1.1429,2992.4286,793.2857
2022-12-03,-1,8881,3,2423,37,5177,1243,5320.1429,3.0,1385.1429,6.4286,3167.4286,758.1429
2022-12-04,1,2614,1,1082,4,1232,293,5426.4286,3.1429,1457.5714,6.4286,3196.1429,763.0
2022-12-05,-1,2614,1,1083,5,1233,294,5532.7143,3.2857,1530.0,6.5714,3224.8571,768.0
2022-12-06,0,4395,0,582,6,3155,652,5464.0,2.4286,1377.0,7.4286,3314.5714,762.5714
2022-12-07,0,5387,1,585,25,3882,894,5453.7143,2.0,1375.8571,16.7143,3266.5714,792.5714
2022-12-08,0,6813,7,1365,68,4567,806,5655.0,2.1429,1363.1429,26.0,3488.8571,774.8571
2022-12-09,0,18377,1,2164,182,13180,2850,7011.5714,2.0,1326.2857,46.7143,4632.2857,1004.5714
2022-12-10,1,1535,0,224,1,1050,258,5962.1429,1.5714,1012.1429,41.5714,4042.7143,863.8571
2022-12-11,1,1535,1,224,1,1051,259,5808.0,1.5714,889.5714,41.1429,4016.8571,859.0
2022-12-12,-1,1536,1,224,2,1051,259,5654.0,1.5714,766.8571,40.7143,3990.8571,854.0
2022-12-13,0,5587,9,539,1,4278,760,5824.2857,2.8571,760.7143,40.0,4151.2857,869.4286
2022-12-14,0,7088,7,532,12,5666,871,6067.2857,3.7143,753.1429,38.1429,4406.1429,866.1429
2022-12-15,0,8334,41,1011,45,6351,886,6284.5714,8.5714,702.5714,34.8571,4661.0,877.5714
2022-12-16,0,19790,-1,1449,4,15836,2502,6486.4286,8.2857,600.4286,9.4286,5040.4286,827.8571
2022-12-17,1,2369,0,274,0,1887,207,6605.5714,8.2857,607.5714,9.2857,5160.0,820.5714
2022-12-18,1,2370,0,274,0,1887,208,6724.8571,8.1429,614.7143,9.1429,5279.4286,813.2857
2022-12-19,-1,2370,1,275,0,1888,208,6844.0,8.1429,622.0,8.8571,5399.0,806.0
2022-12-20,0,8950,-1,515,1,7851,584,7324.4286,6.7143,618.5714,8.8571,5909.4286,780.8571
2022-12-21,0,8897,3,616,5,7520,753,7582.8571,6.1429,630.5714,7.8571,6174.2857,764.0
2022-12-22,0,8035,1,539,-30,6557,968,7540.1429,0.4286,563.1429,-2.8571,6203.7143,775.7143
2022-12-23,0,17597,-2,1351,-1,14680,1569,7226.8571,0.2857,549.1429,-3.5714,6038.5714,642.4286
2022-12-24,1,3025,4,85,1,1978,955,7320.5714,0.8571,522.1429,-3.4286,6051.5714,749.2857
2022-12-25,1,3025,4,86,2,1978,955,7414.1429,1.4286,495.2857,-3.1429,6064.5714,856.0
2022-12-26,-1,3026,5,86,2,1979,956,7507.8571,2.0,468.2857,-2.8571,6077.5714,962.8571
2022-12-27,0,7240,4,201,10,5655,1370,7263.5714,2.7143,423.4286,-1.5714,5763.8571,1075.1429
2022-12-28,0,8575,0,9,0,7195,1371,7217.5714,2.2857,336.7143,-2.2857,5717.4286,1163.4286
2022-12-29,0,7032,4,129,2,5503,1394,7074.2857,2.7143,278.1429,2.2857,5566.8571,1224.2857
2022-12-30,1,5294,1,74,0,4511,707,5316.7143,3.1429,95.7143,2.4286,4114.1429,1101.1429
2022-12-31,1,5294,2,74,0,4511,707,5640.8571,2.8571,94.1429,2.2857,4476.0,1065.7143
2023-01-01,1,5294,2,74,0,4511,708,5965.0,2.5714,92.4286,2.0,4837.8571,1030.4286
2023-01-02,1,5294,2,74,0,4511,707,6289.0,2.1429,90.7143,1.7143,5199.5714,994.8571
2023-01-03,-1,5295,2,74,0,4511,708,6011.1429,1.8571,72.5714,0.2857,5036.1429,900.2857
2023-01-04,0,8050,2,629,7,6018,1394,5936.1429,2.1429,161.1429,1.2857,4868.0,903.5714
2023-01-05,0,8703,2,923,1,5699,2078,6174.8571,1.8571,274.5714,1.1429,4896.0,1001.2857
2023-01-06,0,9572,7,1918,2,6090,1555,6786.0,2.7143,538.0,1.4286,5121.5714,1122.4286
2023-01-07,0,10122,3,1310,1,5124,3684,7475.7143,2.8571,714.5714,1.5714,5209.1429,1547.7143
2023-01-08,1,2930,4,371,0,1883,671,7138.0,3.1429,757.0,1.5714,4833.7143,1542.4286
2023-01-09,-1,2930,4,371,1,1884,671,6800.2857,3.4286,799.4286,1.7143,4458.4286,1537.2857
2023-01-10,0,7885,7,1223,-5,5280,1380,7170.2857,4.1429,963.5714,1.0,4568.2857,1633.2857
2023-01-11,0,9074,15,1955,3,5361,1740,7316.5714,6.0,1153.0,0.4286,4474.4286,1682.7143
2023-01-12,0,7237,4,1202,1,4200,1830,7107.1429,6.2857,1192.8571,0.4286,4260.2857,1647.2857
2023-01-13,0,24718,4,2875,2,15589,6248,9270.8571,5.8571,1329.5714,0.4286,5617.2857,2317.7143
2023-01-14,1,3275,-1,433,0,1690,1152,8292.7143,5.2857,1204.2857,0.2857,5126.7143,1956.0
2023-01-15,1,3276,-1,433,0,1691,1153,8342.1429,4.5714,1213.1429,0.2857,5099.2857,2024.8571
2023-01-16,-1,3276,-1,433,1,1691,1153,8391.5714,3.8571,1222.0,0.2857,5071.7143,2093.7143
2023-01-17,0,8568,27,1328,0,5717,1496,8489.1429,6.7143,1237.0,1.0,5134.1429,2110.2857
2023-01-18,0,8854,14,1239,9,6080,1512,8457.7143,6.5714,1134.7143,1.8571,5236.8571,2077.7143
2023-01-19,1,9826,4,1248,-1,6260,2314,8827.5714,6.5714,1141.2857,1.5714,5531.1429,2146.8571
2023-01-20,-1,9826,4,1249,-1,6261,2314,6700.1429,6.5714,909.0,1.1429,4198.5714,1584.8571
2023-01-21,1,245,0,24,0,170,49,6267.2857,6.7143,850.5714,1.1429,3981.4286,1427.2857
2023-01-22,1,245,1,24,0,170,50,5834.2857,7.0,792.1429,1.1429,3764.1429,1269.7143
2023-01-23,1,245,1,25,0,171,49,5401.2857,7.2857,733.8571,1.0,3547.0,1112.0
2023-01-24,1,245,0,24,0,170,50,4212.2857,3.4286,547.5714,1.0,2754.5714,905.4286
2023-01-25,1,246,1,25,0,171,50,2982.5714,1.5714,374.1429,-0.2857,1910.4286,696.5714
2023-01-26,1,245,1,24,0,170,49,1613.8571,1.1429,199.2857,-0.1429,1040.4286,373.0
2023-01-27,1,245,0,24,0,170,50,245.1429,0.5714,24.2857,0.0,170.2857,49.5714
2023-01-28,1,245,1,25,0,171,49,245.1429,0.7143,24.4286,0.0,170.4286,49.5714
2023-01-29,1,245,1,24,0,170,50,245.1429,0.7143,24.4286,0.0,170.4286,49.5714
2023-01-30,-1,246,1,25,1,171,50,245.2857,0.7143,24.4286,0.1429,170.4286,49.7143
2023-01-31,0,3766,26,513,1,2668,558,748.2857,4.4286,94.2857,0.2857,527.2857,122.2857
2023-02-01,0,3926,12,383,7,2775,749,1274.0,6.0,145.4286,1.2857,899.2857,222.1429
2023-02-02,0,4258,3,317,-1,3174,765,1847.2857,6.2857,187.2857,1.1429,1328.4286,324.4286
2023-02-03,0,4686,6,262,1,3532,885,2481.7143,7.1429,221.2857,1.2857,1808.7143,443.7143
2023-02-04,0,5140,1,567,0,3303,1269,3181.0,7.1429,298.7143,1.2857,2256.1429,618.0
2023-02-05,1,1964,2,319,0,1354,288,3426.5714,7.2857,340.8571,1.2857,2425.2857,652.0
2023-02-06,-1,1964,3,320,0,1354,288,3672.0,7.5714,383.0,1.1429,2594.2857,686.0
2023-02-07,0,5175,16,557,-8,3835,775,3873.2857,6.1429,389.2857,-0.1429,2761.0,717.0
2023-02-08,,,,,,,,,,,,,
2023-02-09,,,,,,,,,,,,,
