通報日,法定傳染病通報,居家檢疫送驗,擴大監測送驗,Total
2020/1/15,0.0,0.0,0.0,0.0
2020/1/16,4.0,0.0,0.0,4.0
2020/1/17,0.0,0.0,0.0,0.0
2020/1/18,1.0,0.0,0.0,1.0
2020/1/19,1.0,0.0,0.0,1.0
2020/1/20,2.0,0.0,0.0,2.0
2020/1/21,12.0,0.0,0.0,12.0
2020/1/22,44.0,0.0,0.0,44.0
2020/1/23,70.0,0.0,0.0,70.0
2020/1/24,57.0,0.0,0.0,57.0
2020/1/25,91.0,0.0,0.0,91.0
2020/1/26,117.0,0.0,0.0,117.0
2020/1/27,123.0,0.0,0.0,123.0
2020/1/28,95.0,0.0,0.0,95.0
2020/1/29,106.0,0.0,0.0,106.0
2020/1/30,100.0,0.0,0.0,100.0
2020/1/31,93.0,0.0,0.0,93.0
2020/2/1,87.0,0.0,0.0,87.0
2020/2/2,57.0,7.0,0.0,64.0
2020/2/3,94.0,37.0,0.0,131.0
2020/2/4,76.0,27.0,0.0,103.0
2020/2/5,54.0,103.0,0.0,157.0
2020/2/6,51.0,26.0,0.0,77.0
2020/2/7,63.0,136.0,0.0,199.0
2020/2/8,71.0,154.0,0.0,225.0
2020/2/9,52.0,76.0,0.0,128.0
2020/2/10,94.0,111.0,0.0,205.0
2020/2/11,53.0,115.0,0.0,168.0
2020/2/12,44.0,84.0,0.0,128.0
2020/2/13,37.0,78.0,0.0,115.0
2020/2/14,27.0,45.0,0.0,72.0
2020/2/15,30.0,59.0,0.0,89.0
2020/2/16,30.0,76.0,6.0,112.0
2020/2/17,32.0,166.0,615.0,813.0
2020/2/18,42.0,64.0,726.0,832.0
2020/2/19,31.0,60.0,605.0,696.0
2020/2/20,35.0,39.0,722.0,796.0
2020/2/21,23.0,38.0,653.0,714.0
2020/2/22,33.0,30.0,381.0,444.0
2020/2/23,13.0,32.0,283.0,328.0
2020/2/24,13.0,34.0,651.0,698.0
2020/2/25,12.0,33.0,564.0,609.0
2020/2/26,15.0,21.0,485.0,521.0
2020/2/27,8.0,25.0,487.0,520.0
2020/2/28,11.0,14.0,346.0,371.0
2020/2/29,87.0,10.0,414.0,511.0
2020/3/1,98.0,5.0,327.0,430.0
2020/3/2,162.0,2.0,436.0,600.0
2020/3/3,148.0,0.0,358.0,506.0
2020/3/4,137.0,0.0,348.0,485.0
2020/3/5,83.0,0.0,214.0,297.0
2020/3/6,99.0,0.0,282.0,381.0
2020/3/7,75.0,0.0,232.0,307.0
2020/3/8,51.0,0.0,247.0,298.0
2020/3/9,98.0,0.0,378.0,476.0
2020/3/10,84.0,0.0,248.0,332.0
2020/3/11,81.0,0.0,364.0,445.0
2020/3/12,63.0,0.0,614.0,677.0
2020/3/13,94.0,0.0,345.0,439.0
2020/3/14,78.0,0.0,301.0,379.0
2020/3/15,65.0,0.0,241.0,306.0
2020/3/16,145.0,0.0,585.0,730.0
2020/3/17,178.0,0.0,695.0,873.0
2020/3/18,267.0,0.0,930.0,1197.0
2020/3/19,350.0,0.0,1013.0,1363.0
2020/3/20,447.0,0.0,924.0,1371.0
2020/3/21,371.0,0.0,676.0,1047.0
2020/3/22,266.0,0.0,545.0,811.0
2020/3/23,446.0,0.0,693.0,1139.0
2020/3/24,382.0,0.0,542.0,924.0
2020/3/25,363.0,0.0,575.0,938.0
2020/3/26,330.0,0.0,599.0,929.0
2020/3/27,358.0,0.0,506.0,864.0
2020/3/28,220.0,0.0,307.0,527.0
2020/3/29,245.0,0.0,590.0,835.0
2020/3/30,367.0,0.0,656.0,1023.0
2020/3/31,371.0,0.0,553.0,924.0
2020/4/1,400.0,0.0,609.0,1009.0
2020/4/2,269.0,0.0,553.0,822.0
2020/4/3,296.0,0.0,584.0,880.0
2020/4/4,295.0,0.0,569.0,864.0
2020/4/5,274.0,0.0,638.0,912.0
2020/4/6,427.0,0.0,1387.0,1814.0
2020/4/7,335.0,0.0,1350.0,1685.0
2020/4/8,272.0,0.0,1356.0,1628.0
2020/4/9,260.0,0.0,1316.0,1576.0
2020/4/10,250.0,0.0,1314.0,1564.0
2020/4/11,168.0,0.0,923.0,1091.0
2020/4/12,99.0,0.0,565.0,664.0
2020/4/13,225.0,0.0,1115.0,1340.0
2020/4/14,182.0,0.0,1022.0,1204.0
2020/4/15,150.0,0.0,802.0,952.0
2020/4/16,149.0,0.0,754.0,903.0
2020/4/17,126.0,0.0,712.0,838.0
2020/4/18,97.0,0.0,460.0,557.0
2020/4/19,127.0,0.0,497.0,624.0
2020/4/20,197.0,0.0,1638.0,1835.0
2020/4/21,159.0,0.0,1212.0,1371.0
2020/4/22,118.0,0.0,1036.0,1154.0
2020/4/23,124.0,0.0,890.0,1014.0
2020/4/24,97.0,0.0,730.0,827.0
2020/4/25,77.0,0.0,542.0,619.0
2020/4/26,71.0,0.0,424.0,495.0
2020/4/27,75.0,0.0,665.0,740.0
2020/4/28,98.0,0.0,596.0,694.0
2020/4/29,72.0,0.0,412.0,484.0
2020/4/30,53.0,0.0,442.0,495.0
2020/5/1,49.0,0.0,325.0,374.0
2020/5/2,46.0,0.0,334.0,380.0
2020/5/3,51.0,0.0,291.0,342.0
2020/5/4,82.0,0.0,445.0,527.0
2020/5/5,73.0,0.0,559.0,632.0
2020/5/6,68.0,0.0,383.0,451.0
2020/5/7,58.0,0.0,359.0,417.0
2020/5/8,50.0,0.0,352.0,402.0
2020/5/9,40.0,0.0,229.0,269.0
2020/5/10,44.0,0.0,223.0,267.0
2020/5/11,58.0,0.0,304.0,362.0
2020/5/12,42.0,0.0,307.0,349.0
2020/5/13,51.0,0.0,226.0,277.0
2020/5/14,40.0,0.0,234.0,274.0
2020/5/15,41.0,0.0,282.0,323.0
2020/5/16,26.0,0.0,194.0,220.0
2020/5/17,22.0,0.0,163.0,185.0
2020/5/18,46.0,0.0,223.0,269.0
2020/5/19,27.0,0.0,196.0,223.0
2020/5/20,38.0,0.0,188.0,226.0
2020/5/21,31.0,0.0,205.0,236.0
2020/5/22,25.0,0.0,162.0,187.0
2020/5/23,32.0,0.0,138.0,170.0
2020/5/24,21.0,0.0,162.0,183.0
2020/5/25,28.0,0.0,194.0,222.0
2020/5/26,32.0,0.0,267.0,299.0
2020/5/27,27.0,0.0,156.0,183.0
2020/5/28,33.0,0.0,137.0,170.0
2020/5/29,32.0,0.0,124.0,156.0
2020/5/30,17.0,0.0,157.0,174.0
2020/5/31,18.0,0.0,219.0,237.0
2020/6/1,26.0,0.0,160.0,186.0
2020/6/2,27.0,0.0,151.0,178.0
2020/6/3,33.0,0.0,155.0,188.0
2020/6/4,21.0,0.0,149.0,170.0
2020/6/5,24.0,0.0,160.0,184.0
2020/6/6,18.0,0.0,120.0,138.0
2020/6/7,13.0,0.0,95.0,108.0
2020/6/8,26.0,0.0,103.0,129.0
2020/6/9,22.0,0.0,130.0,152.0
2020/6/10,21.0,0.0,131.0,152.0
2020/6/11,21.0,0.0,114.0,135.0
2020/6/12,19.0,0.0,123.0,142.0
2020/6/13,16.0,0.0,102.0,118.0
2020/6/14,19.0,0.0,92.0,111.0
2020/6/15,26.0,0.0,119.0,145.0
2020/6/16,28.0,0.0,119.0,147.0
2020/6/17,17.0,0.0,129.0,146.0
2020/6/18,16.0,0.0,119.0,135.0
2020/6/19,21.0,0.0,138.0,159.0
2020/6/20,20.0,0.0,94.0,114.0
2020/6/21,9.0,0.0,95.0,104.0
2020/6/22,26.0,0.0,130.0,156.0
2020/6/23,17.0,0.0,109.0,126.0
2020/6/24,15.0,0.0,158.0,173.0
2020/6/25,15.0,0.0,202.0,217.0
2020/6/26,29.0,0.0,147.0,176.0
2020/6/27,18.0,0.0,136.0,154.0
2020/6/28,11.0,0.0,116.0,127.0
2020/6/29,23.0,0.0,161.0,184.0
2020/6/30,31.0,0.0,179.0,210.0
2020/7/1,26.0,0.0,115.0,141.0
2020/7/2,14.0,0.0,115.0,129.0
2020/7/3,11.0,0.0,129.0,140.0
2020/7/4,17.0,0.0,102.0,119.0
2020/7/5,23.0,0.0,128.0,151.0
2020/7/6,24.0,0.0,153.0,177.0
2020/7/7,17.0,0.0,119.0,136.0
2020/7/8,19.0,0.0,122.0,141.0
2020/7/9,22.0,0.0,166.0,188.0
2020/7/10,34.0,0.0,131.0,165.0
2020/7/11,11.0,0.0,107.0,118.0
2020/7/12,17.0,0.0,109.0,126.0
2020/7/13,22.0,0.0,104.0,126.0
2020/7/14,26.0,0.0,129.0,155.0
2020/7/15,24.0,0.0,140.0,164.0
2020/7/16,27.0,0.0,164.0,191.0
2020/7/17,24.0,0.0,121.0,145.0
2020/7/18,21.0,0.0,90.0,111.0
2020/7/19,14.0,0.0,121.0,135.0
2020/7/20,31.0,0.0,130.0,161.0
2020/7/21,13.0,0.0,130.0,143.0
2020/7/22,24.0,0.0,132.0,156.0
2020/7/23,19.0,0.0,144.0,163.0
2020/7/24,17.0,0.0,118.0,135.0
2020/7/25,13.0,0.0,82.0,95.0
2020/7/26,17.0,0.0,106.0,123.0
2020/7/27,48.0,0.0,153.0,201.0
2020/7/28,34.0,0.0,307.0,341.0
2020/7/29,22.0,0.0,198.0,220.0
2020/7/30,38.0,0.0,165.0,203.0
2020/7/31,26.0,0.0,209.0,235.0
2020/8/1,10.0,0.0,94.0,104.0
2020/8/2,26.0,0.0,106.0,132.0
2020/8/3,32.0,0.0,241.0,273.0
2020/8/4,23.0,0.0,169.0,192.0
2020/8/5,31.0,0.0,180.0,211.0
2020/8/6,25.0,0.0,189.0,214.0
2020/8/7,34.0,0.0,130.0,164.0
2020/8/8,17.0,0.0,156.0,173.0
2020/8/9,19.0,0.0,123.0,142.0
2020/8/10,36.0,0.0,211.0,247.0
2020/8/11,30.0,0.0,117.0,147.0
2020/8/12,19.0,0.0,171.0,190.0
2020/8/13,24.0,0.0,205.0,229.0
2020/8/14,31.0,0.0,167.0,198.0
2020/8/15,20.0,0.0,113.0,133.0
2020/8/16,14.0,0.0,110.0,124.0
2020/8/17,23.0,0.0,237.0,260.0
2020/8/18,31.0,0.0,134.0,165.0
2020/8/19,33.0,0.0,189.0,222.0
2020/8/20,29.0,0.0,185.0,214.0
2020/8/21,27.0,0.0,190.0,217.0
2020/8/22,21.0,0.0,107.0,128.0
2020/8/23,21.0,0.0,96.0,117.0
2020/8/24,42.0,0.0,200.0,242.0
2020/8/25,26.0,0.0,129.0,155.0
2020/8/26,20.0,0.0,162.0,182.0
2020/8/27,32.0,0.0,172.0,204.0
2020/8/28,23.0,0.0,154.0,177.0
2020/8/29,12.0,0.0,136.0,148.0
2020/8/30,13.0,0.0,144.0,157.0
2020/8/31,17.0,0.0,198.0,215.0
2020/9/1,22.0,0.0,122.0,144.0
2020/9/2,20.0,0.0,132.0,152.0
2020/9/3,29.0,0.0,203.0,232.0
2020/9/4,29.0,0.0,213.0,242.0
2020/9/5,22.0,0.0,90.0,112.0
2020/9/6,19.0,0.0,154.0,173.0
2020/9/7,27.0,0.0,161.0,188.0
2020/9/8,21.0,0.0,166.0,187.0
2020/9/9,17.0,0.0,138.0,155.0
2020/9/10,23.0,0.0,201.0,224.0
2020/9/11,21.0,0.0,165.0,186.0
2020/9/12,23.0,0.0,103.0,126.0
2020/9/13,12.0,0.0,198.0,210.0
2020/9/14,20.0,0.0,134.0,154.0
2020/9/15,28.0,0.0,132.0,160.0
2020/9/16,22.0,0.0,260.0,282.0
2020/9/17,31.0,0.0,649.0,680.0
2020/9/18,27.0,0.0,324.0,351.0
2020/9/19,20.0,0.0,75.0,95.0
2020/9/20,20.0,0.0,78.0,98.0
2020/9/21,26.0,0.0,257.0,283.0
2020/9/22,22.0,0.0,153.0,175.0
2020/9/23,22.0,0.0,235.0,257.0
2020/9/24,22.0,0.0,176.0,198.0
2020/9/25,20.0,0.0,117.0,137.0
2020/9/26,19.0,0.0,256.0,275.0
2020/9/27,25.0,0.0,179.0,204.0
2020/9/28,28.0,0.0,231.0,259.0
2020/9/29,24.0,0.0,187.0,211.0
2020/9/30,27.0,0.0,233.0,260.0
2020/10/1,18.0,0.0,134.0,152.0
2020/10/2,25.0,0.0,367.0,392.0
2020/10/3,19.0,0.0,90.0,109.0
2020/10/4,16.0,0.0,151.0,167.0
2020/10/5,41.0,0.0,315.0,356.0
2020/10/6,31.0,0.0,139.0,170.0
2020/10/7,21.0,0.0,411.0,432.0
2020/10/8,27.0,0.0,563.0,590.0
2020/10/9,17.0,0.0,322.0,339.0
2020/10/10,15.0,0.0,99.0,114.0
2020/10/11,15.0,0.0,108.0,123.0
2020/10/12,30.0,0.0,275.0,305.0
2020/10/13,25.0,0.0,246.0,271.0
2020/10/14,20.0,0.0,325.0,345.0
2020/10/15,28.0,0.0,561.0,589.0
2020/10/16,18.0,0.0,364.0,382.0
2020/10/17,16.0,0.0,116.0,132.0
2020/10/18,14.0,0.0,162.0,176.0
2020/10/19,23.0,0.0,291.0,314.0
2020/10/20,20.0,0.0,203.0,223.0
2020/10/21,17.0,0.0,198.0,215.0
2020/10/22,25.0,0.0,304.0,329.0
2020/10/23,17.0,0.0,160.0,177.0
2020/10/24,10.0,0.0,87.0,97.0
2020/10/25,14.0,0.0,104.0,118.0
2020/10/26,24.0,0.0,269.0,293.0
2020/10/27,20.0,0.0,186.0,206.0
2020/10/28,27.0,0.0,171.0,198.0
2020/10/29,18.0,0.0,551.0,569.0
2020/10/30,22.0,0.0,134.0,156.0
2020/10/31,22.0,0.0,71.0,93.0
2020/11/1,16.0,0.0,100.0,116.0
2020/11/2,25.0,0.0,327.0,352.0
2020/11/3,13.0,0.0,275.0,288.0
2020/11/4,28.0,0.0,297.0,325.0
2020/11/5,17.0,0.0,255.0,272.0
2020/11/6,18.0,0.0,376.0,394.0
2020/11/7,11.0,0.0,103.0,114.0
2020/11/8,25.0,0.0,93.0,118.0
2020/11/9,23.0,0.0,297.0,320.0
2020/11/10,37.0,0.0,255.0,292.0
2020/11/11,20.0,0.0,267.0,287.0
2020/11/12,33.0,0.0,347.0,380.0
2020/11/13,23.0,0.0,181.0,204.0
2020/11/14,23.0,0.0,75.0,98.0
2020/11/15,11.0,0.0,91.0,102.0
2020/11/16,30.0,0.0,352.0,382.0
2020/11/17,30.0,0.0,185.0,215.0
2020/11/18,19.0,0.0,268.0,287.0
2020/11/19,25.0,0.0,404.0,429.0
2020/11/20,23.0,0.0,176.0,199.0
2020/11/21,22.0,0.0,188.0,210.0
2020/11/22,10.0,0.0,116.0,126.0
2020/11/23,30.0,0.0,311.0,341.0
2020/11/24,36.0,0.0,306.0,342.0
2020/11/25,30.0,0.0,299.0,329.0
2020/11/26,44.0,0.0,381.0,425.0
2020/11/27,37.0,0.0,601.0,638.0
2020/11/28,25.0,0.0,454.0,479.0
2020/11/29,34.0,0.0,207.0,241.0
2020/11/30,36.0,0.0,301.0,337.0
2020/12/1,45.0,0.0,318.0,363.0
2020/12/2,29.0,0.0,155.0,184.0
2020/12/3,33.0,0.0,865.0,898.0
2020/12/4,59.0,0.0,224.0,283.0
2020/12/5,20.0,0.0,126.0,146.0
2020/12/6,29.0,0.0,108.0,137.0
2020/12/7,48.0,0.0,194.0,242.0
2020/12/8,25.0,0.0,266.0,291.0
2020/12/9,35.0,0.0,265.0,300.0
2020/12/10,40.0,0.0,394.0,434.0
2020/12/11,47.0,0.0,733.0,780.0
2020/12/12,24.0,0.0,399.0,423.0
2020/12/13,24.0,0.0,192.0,216.0
2020/12/14,37.0,0.0,810.0,847.0
2020/12/15,30.0,0.0,771.0,801.0
2020/12/16,29.0,0.0,728.0,757.0
2020/12/17,23.0,0.0,767.0,790.0
2020/12/18,37.0,0.0,540.0,577.0
2020/12/19,21.0,0.0,219.0,240.0
2020/12/20,21.0,0.0,162.0,183.0
2020/12/21,41.0,0.0,719.0,760.0
2020/12/22,39.0,0.0,761.0,800.0
2020/12/23,33.0,0.0,637.0,670.0
2020/12/24,49.0,0.0,679.0,728.0
2020/12/25,39.0,0.0,720.0,759.0
2020/12/26,25.0,0.0,299.0,324.0
2020/12/27,31.0,0.0,334.0,365.0
2020/12/28,37.0,0.0,980.0,1017.0
2020/12/29,27.0,0.0,783.0,810.0
2020/12/30,26.0,0.0,648.0,674.0
2020/12/31,29.0,0.0,478.0,507.0
2021/1/1,23.0,0.0,177.0,200.0
2021/1/2,22.0,0.0,229.0,251.0
2021/1/3,18.0,0.0,141.0,159.0
2021/1/4,45.0,0.0,1140.0,1185.0
2021/1/5,30.0,0.0,567.0,597.0
2021/1/6,38.0,0.0,769.0,807.0
2021/1/7,36.0,0.0,663.0,699.0
2021/1/8,27.0,0.0,570.0,597.0
2021/1/9,33.0,0.0,216.0,249.0
2021/1/10,23.0,0.0,253.0,276.0
2021/1/11,39.0,0.0,946.0,985.0
2021/1/12,67.0,0.0,545.0,612.0
2021/1/13,53.0,0.0,705.0,758.0
2021/1/14,38.0,0.0,929.0,967.0
2021/1/15,38.0,0.0,1136.0,1174.0
2021/1/16,43.0,0.0,500.0,543.0
2021/1/17,50.0,0.0,397.0,447.0
2021/1/18,116.0,0.0,1402.0,1518.0
2021/1/19,68.0,0.0,881.0,949.0
2021/1/20,83.0,0.0,1161.0,1244.0
2021/1/21,68.0,0.0,1119.0,1187.0
2021/1/22,65.0,0.0,1258.0,1323.0
2021/1/23,45.0,0.0,962.0,1007.0
2021/1/24,47.0,0.0,546.0,593.0
2021/1/25,92.0,0.0,1643.0,1735.0
2021/1/26,66.0,0.0,1450.0,1516.0
2021/1/27,65.0,0.0,1564.0,1629.0
2021/1/28,63.0,0.0,1538.0,1601.0
2021/1/29,51.0,0.0,1826.0,1877.0
2021/1/30,35.0,0.0,1323.0,1358.0
2021/1/31,41.0,0.0,831.0,872.0
2021/2/1,56.0,0.0,1154.0,1210.0
2021/2/2,46.0,0.0,3197.0,3243.0
2021/2/3,49.0,0.0,1118.0,1167.0
2021/2/4,53.0,0.0,874.0,927.0
2021/2/5,41.0,0.0,836.0,877.0
2021/2/6,30.0,0.0,487.0,517.0
2021/2/7,76.0,0.0,715.0,791.0
2021/2/8,42.0,0.0,1064.0,1106.0
2021/2/9,33.0,0.0,750.0,783.0
2021/2/10,23.0,0.0,355.0,378.0
2021/2/11,13.0,0.0,262.0,275.0
2021/2/12,21.0,0.0,255.0,276.0
2021/2/13,17.0,0.0,307.0,324.0
2021/2/14,16.0,0.0,318.0,334.0
2021/2/15,14.0,0.0,311.0,325.0
2021/2/16,14.0,0.0,306.0,320.0
2021/2/17,20.0,0.0,738.0,758.0
2021/2/18,14.0,0.0,684.0,698.0
2021/2/19,13.0,0.0,826.0,839.0
2021/2/20,20.0,0.0,351.0,371.0
2021/2/21,10.0,0.0,221.0,231.0
2021/2/22,10.0,0.0,725.0,735.0
2021/2/23,21.0,0.0,466.0,487.0
2021/2/24,22.0,0.0,524.0,546.0
2021/2/25,20.0,0.0,524.0,544.0
2021/2/26,11.0,0.0,406.0,417.0
2021/2/27,11.0,0.0,210.0,221.0
2021/2/28,13.0,0.0,184.0,197.0
2021/3/1,14.0,0.0,262.0,276.0
2021/3/2,16.0,0.0,418.0,434.0
2021/3/3,16.0,0.0,272.0,288.0
2021/3/4,20.0,0.0,655.0,675.0
2021/3/5,18.0,0.0,688.0,706.0
2021/3/6,16.0,0.0,333.0,349.0
2021/3/7,11.0,0.0,165.0,176.0
2021/3/8,18.0,0.0,1075.0,1093.0
2021/3/9,16.0,0.0,341.0,357.0
2021/3/10,18.0,0.0,472.0,490.0
2021/3/11,25.0,0.0,601.0,626.0
2021/3/12,10.0,0.0,631.0,641.0
2021/3/13,6.0,0.0,206.0,212.0
2021/3/14,14.0,0.0,128.0,142.0
2021/3/15,21.0,0.0,514.0,535.0
2021/3/16,19.0,0.0,630.0,649.0
2021/3/17,21.0,0.0,464.0,485.0
2021/3/18,19.0,0.0,341.0,360.0
2021/3/19,9.0,0.0,423.0,432.0
2021/3/20,10.0,0.0,209.0,219.0
2021/3/21,8.0,0.0,155.0,163.0
2021/3/22,18.0,0.0,785.0,803.0
2021/3/23,15.0,0.0,422.0,437.0
2021/3/24,10.0,0.0,558.0,568.0
2021/3/25,30.0,0.0,686.0,716.0
2021/3/26,19.0,0.0,609.0,628.0
2021/3/27,16.0,0.0,235.0,251.0
2021/3/28,3.0,0.0,161.0,164.0
2021/3/29,22.0,0.0,827.0,849.0
2021/3/30,20.0,0.0,814.0,834.0
2021/3/31,23.0,0.0,942.0,965.0
2021/4/1,32.0,0.0,572.0,604.0
2021/4/2,14.0,0.0,261.0,275.0
2021/4/3,11.0,0.0,279.0,290.0
2021/4/4,13.0,0.0,145.0,158.0
2021/4/5,26.0,0.0,277.0,303.0
2021/4/6,15.0,0.0,1144.0,1159.0
2021/4/7,22.0,0.0,636.0,658.0
2021/4/8,13.0,0.0,656.0,669.0
2021/4/9,18.0,0.0,828.0,846.0
2021/4/10,17.0,0.0,213.0,230.0
2021/4/11,11.0,0.0,148.0,159.0
2021/4/12,27.0,0.0,728.0,755.0
2021/4/13,15.0,0.0,523.0,538.0
2021/4/14,19.0,0.0,578.0,597.0
2021/4/15,11.0,0.0,515.0,526.0
2021/4/16,15.0,0.0,532.0,547.0
2021/4/17,14.0,0.0,125.0,139.0
2021/4/18,12.0,0.0,116.0,128.0
2021/4/19,27.0,0.0,692.0,719.0
2021/4/20,12.0,0.0,513.0,525.0
2021/4/21,17.0,0.0,819.0,836.0
2021/4/22,20.0,0.0,650.0,670.0
2021/4/23,28.0,0.0,803.0,831.0
2021/4/24,21.0,0.0,522.0,543.0
2021/4/25,17.0,0.0,596.0,613.0
2021/4/26,36.0,0.0,1063.0,1099.0
2021/4/27,18.0,0.0,734.0,752.0
2021/4/28,23.0,0.0,741.0,764.0
2021/4/29,81.0,0.0,1062.0,1143.0
2021/4/30,55.0,0.0,799.0,854.0
2021/5/1,30.0,0.0,353.0,383.0
2021/5/2,31.0,0.0,387.0,418.0
2021/5/3,51.0,0.0,1340.0,1391.0
2021/5/4,32.0,0.0,956.0,988.0
2021/5/5,54.0,0.0,1040.0,1094.0
2021/5/6,39.0,0.0,966.0,1005.0
2021/5/7,35.0,0.0,1031.0,1066.0
2021/5/8,14.0,0.0,399.0,413.0
2021/5/9,30.0,0.0,650.0,680.0
2021/5/10,49.0,0.0,1188.0,1237.0
2021/5/11,71.0,0.0,1146.0,1217.0
2021/5/12,122.0,0.0,2299.0,2421.0
2021/5/13,148.0,0.0,3743.0,3891.0
2021/5/14,310.0,0.0,5831.0,6141.0
2021/5/15,282.0,0.0,6214.0,6496.0
2021/5/16,456.0,0.0,7939.0,8395.0
2021/5/17,377.0,0.0,15055.0,15432.0
2021/5/18,389.0,0.0,17683.0,18072.0
2021/5/19,407.0,0.0,17107.0,17514.0
2021/5/20,539.0,0.0,17342.0,17881.0
2021/5/21,714.0,0.0,20889.0,21603.0
2021/5/22,535.0,0.0,13894.0,14429.0
2021/5/23,662.0,0.0,12192.0,12854.0
2021/5/24,663.0,0.0,22243.0,22906.0
2021/5/25,921.0,0.0,23438.0,24359.0
2021/5/26,787.0,0.0,20056.0,20843.0
2021/5/27,681.0,0.0,19102.0,19783.0
2021/5/28,1643.0,0.0,28747.0,30390.0
2021/5/29,925.0,0.0,17610.0,18535.0
2021/5/30,590.0,0.0,12259.0,12849.0
2021/5/31,905.0,0.0,27523.0,28428.0
2021/6/1,913.0,0.0,28020.0,28933.0
2021/6/2,937.0,0.0,28139.0,29076.0
2021/6/3,863.0,0.0,27573.0,28436.0
2021/6/4,812.0,0.0,30124.0,30936.0
2021/6/5,527.0,0.0,18977.0,19504.0
2021/6/6,504.0,0.0,14867.0,15371.0
2021/6/7,567.0,0.0,33770.0,34337.0
2021/6/8,549.0,0.0,31362.0,31911.0
2021/6/9,575.0,0.0,33198.0,33773.0
2021/6/10,587.0,0.0,33731.0,34318.0
2021/6/11,587.0,0.0,36747.0,37334.0
2021/6/12,358.0,0.0,21550.0,21908.0
2021/6/13,366.0,0.0,15460.0,15826.0
2021/6/14,307.0,0.0,18894.0,19201.0
2021/6/15,402.0,0.0,30315.0,30717.0
2021/6/16,452.0,0.0,33399.0,33851.0
2021/6/17,366.0,0.0,36542.0,36908.0
2021/6/18,346.0,0.0,31980.0,32326.0
2021/6/19,303.0,0.0,18045.0,18348.0
2021/6/20,220.0,0.0,13766.0,13986.0
2021/6/21,319.0,0.0,32078.0,32397.0
2021/6/22,392.0,0.0,34410.0,34802.0
2021/6/23,350.0,0.0,32114.0,32464.0
2021/6/24,323.0,0.0,32694.0,33017.0
2021/6/25,357.0,0.0,29686.0,30043.0
2021/6/26,359.0,0.0,19734.0,20093.0
2021/6/27,299.0,0.0,13942.0,14241.0
2021/6/28,379.0,0.0,36986.0,37365.0
2021/6/29,307.0,0.0,34121.0,34428.0
2021/6/30,288.0,0.0,30626.0,30914.0
2021/7/1,275.0,0.0,29516.0,29791.0
2021/7/2,332.0,0.0,27734.0,28066.0
2021/7/3,243.0,0.0,19098.0,19341.0
2021/7/4,215.0,0.0,16195.0,16410.0
2021/7/5,290.0,0.0,33133.0,33423.0
2021/7/6,282.0,0.0,26117.0,26399.0
2021/7/7,276.0,0.0,26619.0,26895.0
2021/7/8,234.0,0.0,24193.0,24427.0
2021/7/9,260.0,0.0,23145.0,23405.0
2021/7/10,188.0,0.0,16753.0,16941.0
2021/7/11,155.0,0.0,13372.0,13527.0
2021/7/12,241.0,0.0,27607.0,27848.0
2021/7/13,243.0,0.0,22742.0,22985.0
2021/7/14,222.0,0.0,22233.0,22455.0
2021/7/15,188.0,0.0,18327.0,18515.0
2021/7/16,193.0,0.0,23277.0,23470.0
2021/7/17,127.0,0.0,15770.0,15897.0
2021/7/18,132.0,0.0,12444.0,12576.0
2021/7/19,216.0,0.0,27328.0,27544.0
2021/7/20,214.0,0.0,24045.0,24259.0
2021/7/21,199.0,0.0,25015.0,25214.0
2021/7/22,175.0,0.0,19471.0,19646.0
2021/7/23,169.0,0.0,20352.0,20521.0
2021/7/24,108.0,0.0,14520.0,14628.0
2021/7/25,123.0,0.0,12960.0,13083.0
2021/7/26,180.0,0.0,28633.0,28813.0
2021/7/27,180.0,0.0,24859.0,25039.0
2021/7/28,136.0,0.0,23531.0,23667.0
2021/7/29,147.0,0.0,20423.0,20570.0
2021/7/30,146.0,0.0,25659.0,25805.0
2021/7/31,121.0,0.0,17402.0,17523.0
2021/8/1,112.0,0.0,12897.0,13009.0
2021/8/2,151.0,0.0,28269.0,28420.0
2021/8/3,139.0,0.0,24152.0,24291.0
2021/8/4,140.0,0.0,23192.0,23332.0
2021/8/5,142.0,0.0,18218.0,18360.0
2021/8/6,140.0,0.0,22511.0,22651.0
2021/8/7,60.0,0.0,14285.0,14345.0
2021/8/8,95.0,0.0,12459.0,12554.0
2021/8/9,147.0,0.0,26287.0,26434.0
2021/8/10,126.0,0.0,22947.0,23073.0
2021/8/11,99.0,0.0,22391.0,22490.0
2021/8/12,131.0,0.0,17932.0,18063.0
2021/8/13,144.0,0.0,22602.0,22746.0
2021/8/14,71.0,0.0,16233.0,16304.0
2021/8/15,85.0,0.0,12669.0,12754.0
2021/8/16,251.0,0.0,25628.0,25879.0
2021/8/17,139.0,0.0,22890.0,23029.0
2021/8/18,120.0,0.0,23038.0,23158.0
2021/8/19,121.0,0.0,19679.0,19800.0
2021/8/20,98.0,0.0,21695.0,21793.0
2021/8/21,72.0,0.0,15812.0,15884.0
2021/8/22,65.0,0.0,11934.0,11999.0
2021/8/23,134.0,0.0,26008.0,26142.0
2021/8/24,109.0,0.0,23647.0,23756.0
2021/8/25,111.0,0.0,24007.0,24118.0
2021/8/26,101.0,0.0,20142.0,20243.0
2021/8/27,95.0,0.0,23180.0,23275.0
2021/8/28,87.0,0.0,17396.0,17483.0
2021/8/29,105.0,0.0,12931.0,13036.0
2021/8/30,115.0,0.0,31895.0,32010.0
2021/8/31,115.0,0.0,28432.0,28547.0
2021/9/1,90.0,0.0,25494.0,25584.0
2021/9/2,79.0,0.0,20760.0,20839.0
2021/9/3,110.0,0.0,27012.0,27122.0
2021/9/4,74.0,0.0,20045.0,20119.0
2021/9/5,49.0,0.0,16336.0,16385.0
2021/9/6,174.0,0.0,34535.0,34709.0
2021/9/7,116.0,0.0,30467.0,30583.0
2021/9/8,127.0,0.0,29728.0,29855.0
2021/9/9,127.0,0.0,24743.0,24870.0
2021/9/10,119.0,0.0,29206.0,29325.0
2021/9/11,127.0,0.0,21923.0,22050.0
2021/9/12,94.0,0.0,9798.0,9892.0
2021/9/13,314.0,0.0,30743.0,31057.0
2021/9/14,102.0,0.0,26257.0,26359.0
2021/9/15,115.0,0.0,25019.0,25134.0
2021/9/16,110.0,0.0,21238.0,21348.0
2021/9/17,100.0,0.0,20063.0,20163.0
2021/9/18,90.0,0.0,15286.0,15376.0
2021/9/19,66.0,0.0,12826.0,12892.0
2021/9/20,84.0,0.0,22672.0,22756.0
2021/9/21,103.0,0.0,14216.0,14319.0
2021/9/22,115.0,0.0,29115.0,29230.0
2021/9/23,103.0,0.0,20521.0,20624.0
2021/9/24,93.0,0.0,27759.0,27852.0
2021/9/25,83.0,0.0,19765.0,19848.0
2021/9/26,73.0,0.0,14625.0,14698.0
2021/9/27,175.0,0.0,30536.0,30711.0
2021/9/28,103.0,0.0,25026.0,25129.0
2021/9/29,90.0,0.0,24403.0,24493.0
2021/9/30,102.0,0.0,19864.0,19966.0
2021/10/1,96.0,0.0,23621.0,23717.0
2021/10/2,83.0,0.0,17887.0,17970.0
2021/10/3,60.0,0.0,12932.0,12992.0
2021/10/4,95.0,0.0,27662.0,27757.0
2021/10/5,77.0,0.0,23157.0,23234.0
2021/10/6,68.0,0.0,22484.0,22552.0
2021/10/7,99.0,0.0,18270.0,18369.0
2021/10/8,89.0,0.0,21247.0,21336.0
2021/10/9,70.0,0.0,16654.0,16724.0
2021/10/10,60.0,0.0,11902.0,11962.0
2021/10/11,63.0,0.0,19738.0,19801.0
2021/10/12,89.0,0.0,25683.0,25772.0
2021/10/13,66.0,0.0,21794.0,21860.0
2021/10/14,62.0,0.0,17373.0,17435.0
2021/10/15,65.0,0.0,23106.0,23171.0
2021/10/16,45.0,0.0,16185.0,16230.0
2021/10/17,64.0,0.0,11026.0,11090.0
2021/10/18,66.0,0.0,23631.0,23697.0
2021/10/19,63.0,0.0,18996.0,19059.0
2021/10/20,38.0,0.0,19931.0,19969.0
2021/10/21,54.0,0.0,15486.0,15540.0
2021/10/22,62.0,0.0,18571.0,18633.0
2021/10/23,44.0,0.0,14004.0,14048.0
2021/10/24,34.0,0.0,10141.0,10175.0
2021/10/25,60.0,0.0,22447.0,22507.0
2021/10/26,60.0,0.0,18308.0,18368.0
2021/10/27,44.0,0.0,18375.0,18419.0
2021/10/28,47.0,0.0,15416.0,15463.0
2021/10/29,42.0,0.0,19041.0,19083.0
2021/10/30,26.0,0.0,14671.0,14697.0
2021/10/31,41.0,0.0,11025.0,11066.0
2021/11/1,53.0,0.0,23506.0,23559.0
2021/11/2,57.0,0.0,19170.0,19227.0
2021/11/3,54.0,0.0,18975.0,19029.0
2021/11/4,44.0,0.0,15471.0,15515.0
2021/11/5,40.0,0.0,20417.0,20457.0
2021/11/6,36.0,0.0,14706.0,14742.0
2021/11/7,39.0,0.0,10661.0,10700.0
2021/11/8,47.0,0.0,20296.0,20343.0
2021/11/9,51.0,0.0,16829.0,16880.0
2021/11/10,39.0,0.0,17258.0,17297.0
2021/11/11,47.0,0.0,13936.0,13983.0
2021/11/12,40.0,0.0,17322.0,17362.0
2021/11/13,27.0,0.0,12861.0,12888.0
2021/11/14,30.0,0.0,9779.0,9809.0
2021/11/15,45.0,0.0,22306.0,22351.0
2021/11/16,42.0,0.0,18218.0,18260.0
2021/11/17,33.0,0.0,17277.0,17310.0
2021/11/18,32.0,0.0,14277.0,14309.0
2021/11/19,41.0,0.0,17574.0,17615.0
2021/11/20,29.0,0.0,13031.0,13060.0
2021/11/21,28.0,0.0,10311.0,10339.0
2021/11/22,44.0,0.0,20031.0,20075.0
2021/11/23,41.0,0.0,16713.0,16754.0
2021/11/24,42.0,0.0,16534.0,16576.0
2021/11/25,52.0,0.0,14199.0,14251.0
2021/11/26,43.0,0.0,18631.0,18674.0
2021/11/27,35.0,0.0,12799.0,12834.0
2021/11/28,30.0,0.0,9774.0,9804.0
2021/11/29,42.0,0.0,22273.0,22315.0
2021/11/30,59.0,0.0,17310.0,17369.0
2021/12/1,54.0,0.0,17028.0,17082.0
2021/12/2,40.0,0.0,13362.0,13402.0
2021/12/3,47.0,0.0,18081.0,18128.0
2021/12/4,38.0,0.0,12231.0,12269.0
2021/12/5,35.0,0.0,10126.0,10161.0
2021/12/6,65.0,0.0,20808.0,20873.0
2021/12/7,46.0,0.0,17183.0,17229.0
2021/12/8,44.0,0.0,16814.0,16858.0
2021/12/9,54.0,0.0,13818.0,13872.0
2021/12/10,58.0,0.0,18392.0,18450.0
2021/12/11,32.0,0.0,12307.0,12339.0
2021/12/12,41.0,0.0,9447.0,9488.0
2021/12/13,50.0,0.0,17770.0,17820.0
2021/12/14,57.0,0.0,20569.0,20626.0
2021/12/15,53.0,0.0,20507.0,20560.0
2021/12/16,60.0,0.0,15978.0,16038.0
2021/12/17,39.0,0.0,19384.0,19423.0
2021/12/18,47.0,0.0,12760.0,12807.0
2021/12/19,44.0,0.0,10511.0,10555.0
2021/12/20,50.0,0.0,21457.0,21507.0
2021/12/21,44.0,0.0,17261.0,17305.0
2021/12/22,42.0,0.0,16164.0,16206.0
2021/12/23,57.0,0.0,14107.0,14164.0
2021/12/24,57.0,0.0,16601.0,16658.0
2021/12/25,38.0,0.0,12810.0,12848.0
2021/12/26,45.0,0.0,10412.0,10457.0
2021/12/27,59.0,0.0,17625.0,17684.0
2021/12/28,53.0,0.0,15142.0,15195.0
2021/12/29,62.0,0.0,15067.0,15129.0
2021/12/30,95.0,0.0,13697.0,13792.0
2021/12/31,62.0,0.0,14329.0,14391.0
2022/1/1,46.0,0.0,10292.0,10338.0
2022/1/2,69.0,0.0,9953.0,10022.0
2022/1/3,66.0,0.0,19232.0,19298.0
2022/1/4,75.0,0.0,18538.0,18613.0
2022/1/5,108.0,0.0,19887.0,19995.0
2022/1/6,107.0,0.0,17580.0,17687.0
2022/1/7,99.0,0.0,22524.0,22623.0
2022/1/8,86.0,0.0,17465.0,17551.0
2022/1/9,95.0,0.0,21021.0,21116.0
2022/1/10,140.0,0.0,26616.0,26756.0
2022/1/11,125.0,0.0,23838.0,23963.0
2022/1/12,137.0,0.0,23016.0,23153.0
2022/1/13,119.0,0.0,21797.0,21916.0
2022/1/14,135.0,0.0,25765.0,25900.0
2022/1/15,95.0,0.0,22837.0,22932.0
2022/1/16,124.0,0.0,21163.0,21287.0
2022/1/17,136.0,0.0,29054.0,29190.0
2022/1/18,134.0,0.0,30510.0,30644.0
2022/1/19,129.0,0.0,30560.0,30689.0
2022/1/20,132.0,0.0,24208.0,24340.0
2022/1/21,199.0,0.0,26328.0,26527.0
2022/1/22,159.0,0.0,24891.0,25050.0
2022/1/23,171.0,0.0,27731.0,27902.0
2022/1/24,148.0,0.0,44169.0,44317.0
2022/1/25,158.0,0.0,35453.0,35611.0
2022/1/26,167.0,0.0,33151.0,33318.0
2022/1/27,155.0,0.0,29560.0,29715.0
2022/1/28,121.0,0.0,23159.0,23280.0
2022/1/29,114.0,0.0,15762.0,15876.0
2022/1/30,128.0,0.0,12912.0,13040.0
2022/1/31,104.0,0.0,10417.0,10521.0
2022/2/1,97.0,0.0,10967.0,11064.0
2022/2/2,134.0,0.0,11091.0,11225.0
2022/2/3,110.0,0.0,13439.0,13549.0
2022/2/4,131.0,0.0,20262.0,20393.0
2022/2/5,113.0,0.0,21437.0,21550.0
2022/2/6,95.0,0.0,25165.0,25260.0
2022/2/7,189.0,0.0,46923.0,47112.0
2022/2/8,119.0,0.0,34141.0,34260.0
2022/2/9,154.0,0.0,29373.0,29527.0
2022/2/10,138.0,0.0,26034.0,26172.0
2022/2/11,140.0,0.0,27913.0,28053.0
2022/2/12,101.0,0.0,24064.0,24165.0
2022/2/13,89.0,0.0,20630.0,20719.0
2022/2/14,135.0,0.0,33242.0,33377.0
2022/2/15,106.0,0.0,27723.0,27829.0
2022/2/16,106.0,0.0,29882.0,29988.0
2022/2/17,131.0,0.0,21906.0,22037.0
2022/2/18,122.0,0.0,25058.0,25180.0
2022/2/19,128.0,0.0,18322.0,18450.0
2022/2/20,68.0,0.0,12199.0,12267.0
2022/2/21,108.0,0.0,28286.0,28394.0
2022/2/22,88.0,0.0,22372.0,22460.0
2022/2/23,118.0,0.0,20564.0,20682.0
2022/2/24,120.0,0.0,22233.0,22353.0
2022/2/25,98.0,0.0,18834.0,18932.0
2022/2/26,93.0,0.0,17073.0,17166.0
2022/2/27,72.0,0.0,13837.0,13909.0
2022/2/28,106.0,0.0,19621.0,19727.0
2022/3/1,98.0,0.0,27133.0,27231.0
2022/3/2,109.0,0.0,22339.0,22448.0
2022/3/3,98.0,0.0,17921.0,18019.0
2022/3/4,119.0,0.0,22590.0,22709.0
2022/3/5,84.0,0.0,19403.0,19487.0
2022/3/6,54.0,0.0,12636.0,12690.0
2022/3/7,78.0,0.0,26879.0,26957.0
2022/3/8,96.0,0.0,23068.0,23164.0
2022/3/9,117.0,0.0,23573.0,23690.0
2022/3/10,121.0,0.0,19726.0,19847.0
2022/3/11,99.0,0.0,21919.0,22018.0
2022/3/12,92.0,0.0,19370.0,19462.0
2022/3/13,99.0,0.0,13851.0,13950.0
2022/3/14,115.0,0.0,28713.0,28828.0
2022/3/15,105.0,0.0,22406.0,22511.0
2022/3/16,109.0,0.0,21896.0,22005.0
2022/3/17,137.0,0.0,18687.0,18824.0
2022/3/18,146.0,0.0,21648.0,21794.0
2022/3/19,154.0,0.0,18298.0,18452.0
2022/3/20,120.0,0.0,15075.0,15195.0
2022/3/21,129.0,0.0,26117.0,26246.0
2022/3/22,134.0,0.0,23839.0,23973.0
2022/3/23,153.0,0.0,23332.0,23485.0
2022/3/24,175.0,0.0,22507.0,22682.0
2022/3/25,134.0,0.0,25248.0,25382.0
2022/3/26,189.0,0.0,20018.0,20207.0
2022/3/27,204.0,0.0,16237.0,16441.0
2022/3/28,259.0,0.0,36341.0,36600.0
2022/3/29,184.0,0.0,31947.0,32131.0
2022/3/30,283.0,0.0,35894.0,36177.0
2022/3/31,293.0,0.0,34085.0,34378.0
2022/4/1,361.0,0.0,38239.0,38600.0
2022/4/2,466.0,0.0,23397.0,23863.0
2022/4/3,307.0,0.0,21762.0,22069.0
2022/4/4,358.0,0.0,27683.0,28041.0
2022/4/5,430.0,0.0,31166.0,31596.0
2022/4/6,619.0,0.0,48891.0,49510.0
2022/4/7,611.0,0.0,45727.0,46338.0
2022/4/8,618.0,0.0,52304.0,52922.0
2022/4/9,635.0,0.0,38385.0,39020.0
2022/4/10,656.0,0.0,30137.0,30793.0
2022/4/11,789.0,0.0,57375.0,58164.0
2022/4/12,985.0,0.0,47556.0,48541.0
2022/4/13,1152.0,0.0,51744.0,52896.0
2022/4/14,1373.0,0.0,46538.0,47911.0
2022/4/15,1359.0,0.0,47754.0,49113.0
2022/4/16,1550.0,0.0,40918.0,42468.0
2022/4/17,1546.0,0.0,33438.0,34984.0
2022/4/18,1863.0,0.0,55247.0,57110.0
2022/4/19,2507.0,0.0,54825.0,57332.0
2022/4/20,3177.0,0.0,56486.0,59663.0
2022/4/21,4138.0,0.0,53036.0,57174.0
2022/4/22,4480.0,0.0,55280.0,59760.0
2022/4/23,5274.0,0.0,43821.0,49095.0
2022/4/24,5637.0,0.0,42457.0,48094.0
2022/4/25,6996.0,0.0,61802.0,68798.0
2022/4/26,9196.0,0.0,55090.0,64286.0
2022/4/27,12023.0,0.0,54205.0,66228.0
2022/4/28,12501.0,0.0,45001.0,57502.0
2022/4/29,15303.0,0.0,46485.0,61788.0
2022/4/30,17616.0,0.0,38120.0,55736.0
2022/5/1,18925.0,0.0,31334.0,50259.0
2022/5/2,23353.0,0.0,41272.0,64625.0
2022/5/3,27841.0,0.0,17875.0,45716.0
2022/5/4,0.0,0.0,0.0,0.0
2022/5/5,0.0,0.0,0.0,0.0
2022/5/6,0.0,0.0,0.0,0.0
2022/5/7,0.0,0.0,0.0,0.0
2022/5/8,0.0,0.0,0.0,0.0
2022/5/9,0.0,0.0,0.0,0.0
